Symbol,Name,Last Sale,Net Change,% Change,Market Cap,Country,IPO Year,Volume,Sector,Industry
AAOI,Applied Optoelectronics Inc. Common Stock,$7.73,-0.04,-0.515%,207643940.00,United States,2013,369693,Technology,Semiconductors
AAPL,Apple Inc. Common Stock,$145.86,0.22,0.151%,2528824412400.00,United States,1980,70381190,Technology,Computer Manufacturing
ABM,ABM Industries Incorporated Common Stock,$46.49,-0.53,-1.127%,3120934416.00,United States,,1849058,Technology,Diversified Commercial Services
ACEV,ACE Convergence Acquisition Corp. Class A Ordinary Shares,$9.85,0.00,0.00%,283187500.00,United States,2020,107450,Technology,Semiconductors
ACEVU,ACE Convergence Acquisition Corp. Unit,$10.32,0.00,0.00%,0.00,United States,2020,69,Technology,Semiconductors
ACEVW,ACE Convergence Acquisition Corp. Warrant,$0.85,0.00,0.00%,0.00,United States,2020,28840,Technology,Semiconductors
ACIW,ACI Worldwide Inc. Common Stock,$34.30,-0.41,-1.181%,4052016128.00,United States,,430741,Technology,EDP Services
ACLS,Axcelis Technologies Inc. Common Stock,$38.55,0.81,2.146%,1295276029.00,United States,2000,130915,Technology,Industrial Machinery/Components
ACMR,ACM Research Inc. Class A Common Stock,$92.86,4.26,4.808%,1762745965.00,United States,2017,245137,Technology,Industrial Machinery/Components
ACN,Accenture plc Class A Ordinary Shares (Ireland),$317.68,-0.67,-0.21%,201452525889.00,Ireland,2001,2305397,Technology,EDP Services
ACVA,ACV Auctions Inc. Class A Common Stock,$23.16,-0.02,-0.086%,3578908987.00,United States,2021,302713,Technology,EDP Services
ACY,AeroCentury Corp. Common Stock,$12.56,0.05,0.40%,19416303.00,United States,,10676,Technology,Diversified Commercial Services
ADBE,Adobe Inc. Common Stock,$621.63,-0.07,-0.011%,296144532000.00,United States,1986,1403365,Technology,Computer Software: Prepackaged Software
ADI,Analog Devices Inc. Common Stock,$167.42,0.88,0.528%,61749002612.00,United States,,2678801,Technology,Semiconductors
ADP,Automatic Data Processing Inc. Common Stock,$209.63,0.80,0.383%,88820231000.00,United States,,1533800,Technology,EDP Services
ADSK,Autodesk Inc. Common Stock,$321.13,0.63,0.197%,70652875846.00,United States,,1311520,Technology,Computer Software: Prepackaged Software
ADV,Advantage Solutions Inc. Class A Common Stock,$9.78,-0.43,-4.212%,3114440667.00,United States,2019,286434,Technology,Advertising
ADVWW,Advantage Solutions Inc. Warrant,$2.33,-0.14,-5.668%,0.00,United States,2019,7300,Technology,Advertising
AER,AerCap Holdings N.V. Ordinary Shares,$53.00,0.10,0.189%,6928925373.00,Netherlands,2006,1227849,Technology,Diversified Commercial Services
AEYE,AudioEye Inc. Common Stock,$13.86,-0.19,-1.352%,151127416.00,United States,,34549,Technology,EDP Services
AFRM,Affirm Holdings Inc. Class A Common Stock,$56.32,-4.54,-7.46%,14930054600.00,United States,2021,1913987,Technology,EDP Services
AGMH,AGM Group Holdings Inc. Class A Ordinary Shares,$9.40,-0.01,-0.106%,271575917.00,Hong Kong,2018,81890,Technology,EDP Services
AGYS,Agilysys Inc. Common Stock,$55.56,-0.73,-1.297%,1365034805.00,United States,,58726,Technology,Computer Software: Prepackaged Software
AI,C3.ai Inc. Class A Common Stock,$50.35,-1.32,-2.555%,5207244027.00,,2020,1329019,Technology,Computer Software: Prepackaged Software
AIRG,Airgain Inc. Common Stock,$18.25,-0.32,-1.723%,192295797.00,United States,2016,16553,Technology,Radio And Television Broadcasting And Communications Equipment
AL,Air Lease Corporation Class A Common Stock,$42.36,-0.17,-0.40%,4834310770.00,United States,2011,544471,Technology,Diversified Commercial Services
ALF,ALFI Inc. Common Stock,$9.77,-0.09,-0.913%,139242519.00,United States,2021,667026,Technology,EDP Services
ALFIW,ALFI Inc. Warrant,$5.41,-0.0204,-0.376%,0.00,United States,2021,13998,Technology,Computer Software: Programming Data Processing
ALGM,Allegro MicroSystems Inc. Common Stock,$27.41,0.29,1.069%,5196661653.00,United States,2020,856314,Technology,Semiconductors
ALKT,Alkami Technology Inc. Common Stock,$31.29,-0.64,-2.004%,2688959124.00,United States,2021,111016,Technology,Computer Software: Prepackaged Software
ALOT,AstroNova Inc. Common Stock,$16.05,0.71,4.628%,116058641.00,United States,1983,15440,Technology,Computer peripheral equipment
ALRM,Alarm.com Holdings Inc. Common Stock,$83.22,-0.22,-0.264%,4140879817.00,United States,2015,175683,Technology,Computer Software: Prepackaged Software
ALTG,Alta Equipment Group Inc. Class A Common Stock,$12.59,-0.09,-0.71%,407454904.00,,2019,32021,Technology,Engineering & Construction
ALTR,Altair Engineering Inc. Class A Common Stock,$69.76,0.60,0.868%,5241888968.00,United States,2017,136854,Technology,Computer Software: Prepackaged Software
AMBA,Ambarella Inc. Ordinary Shares,$98.49,1.37,1.411%,3573074488.00,United States,2012,250827,Technology,Semiconductors
AMD,Advanced Micro Devices Inc. Common Stock,$106.19,3.24,3.147%,128804783296.00,United States,,125560145,Technology,Semiconductors
AMKR,Amkor Technology Inc. Common Stock,$24.64,0.15,0.612%,6016687526.00,United States,1998,2131608,Technology,Semiconductors
AMST,Amesite Inc. Common Stock,$2.08,-0.02,-0.952%,42776377.00,United States,2020,114180,Technology,Computer Software: Prepackaged Software
AMSWA,American Software Inc. Class A Common Stock,$22.00,0.00,0.00%,731335462.00,United States,,74033,Technology,Computer Software: Prepackaged Software
AMWL,American Well Corporation Class A Common Stock,$11.65,-0.05,-0.427%,2808032726.00,United States,2020,1199670,Technology,Retail: Computer Software & Peripheral Equipment
ANET,Arista Networks Inc. Common Stock,$380.39,-0.62,-0.163%,29032055208.00,,2014,359458,Technology,Computer peripheral equipment
ANGI,Angi Inc. Class A Common Stock,$11.51,-0.54,-4.481%,5805678898.00,United States,,1616774,Technology,EDP Services
ANSS,ANSYS Inc. Common Stock,$368.46,3.09,0.846%,32111868588.00,United States,1996,314248,Technology,Computer Software: Prepackaged Software
ANTE,AirNet Technology Inc. American Depositary Shares,$2.21,0.01,0.455%,39327810.00,China,,26990,Technology,Advertising
ANY,Sphere 3D Corp. Common Shares,$3.38,0.28,9.032%,64391772.00,Canada,,2299032,Technology,EDP Services
AOSL,Alpha and Omega Semiconductor Limited Common Shares,$25.99,0.32,1.247%,678110028.00,Bermuda,2010,135014,Technology,Semiconductors
API,Agora Inc. American Depositary Shares,$31.58,-0.11,-0.347%,3659194811.00,China,2020,525120,Technology,Computer Software: Prepackaged Software
APP,Applovin Corporation Class A Common Stock,$61.47,-3.75,-5.75%,22416425890.00,United States,2021,405255,Technology,EDP Services
APPF,AppFolio Inc. Class A Common Stock,$141.60,-1.45,-1.014%,4885528512.00,United States,2015,71652,Technology,Computer Software: Prepackaged Software
APPN,Appian Corporation Class A Common Stock,$116.43,-1.02,-0.868%,8248643208.00,United States,2017,382931,Technology,Computer Software: Prepackaged Software
ARNC,Arconic Corporation Common Stock ,$35.94,-0.98,-2.654%,3954549289.00,,2020,615786,Technology,Industrial Machinery/Components
ARRY,Array Technologies Inc. Common Stock,$13.54,-0.07,-0.514%,1719505083.00,United States,2020,2500550,Technology,Semiconductors
ARW,Arrow Electronics Inc. Common Stock,$118.57,0.38,0.322%,8748454104.00,United States,,307435,Technology,Electronic Components
ASAN,Asana Inc. Class A Common Stock,$71.06,-0.22,-0.309%,12836573583.00,,2020,814713,Technology,Retail: Computer Software & Peripheral Equipment
ASGN,ASGN Incorporated Common Stock,$101.13,-0.14,-0.138%,5380116000.00,United States,1992,197138,Technology,Professional Services
ASML,ASML Holding N.V. New York Registry Shares,$766.74,1.03,0.135%,314192287401.00,Netherlands,1995,487793,Technology,Industrial Machinery/Components
ASUR,Asure Software Inc Common Stock,$9.42,0.13,1.399%,179299074.00,United States,,67614,Technology,EDP Services
ASX,ASE Technology Holding Co. Ltd. American Depositary Shares (each representing Two Common Shares) ,$8.87,0.13,1.487%,19114811779.00,,2018,3265964,Technology,Semiconductors
ASYS,Amtech Systems Inc. Common Stock,$10.36,0.51,5.178%,147586115.00,United States,,67777,Technology,Semiconductors
ATEN,A10 Networks Inc. Common Stock,$12.77,-0.19,-1.466%,977594580.00,,2014,664235,Technology,EDP Services
ATKR,Atkore Inc. Common Stock,$75.11,0.66,0.887%,3528990548.00,United States,2016,429291,Technology,Electrical Products
ATOM,Atomera Incorporated Common Stock,$17.65,-0.41,-2.27%,406611751.00,United States,2016,288302,Technology,Semiconductors
ATVI,Activision Blizzard Inc. Common Stock,$83.62,0.05,0.06%,64974141388.00,United States,,7054910,Technology,Computer Software: Prepackaged Software
AUUD,Auddia Inc. Common Stock,$3.23,-0.07,-2.121%,39934170.00,United States,2021,282234,Technology,Computer Software: Prepackaged Software
AUUDW,Auddia Inc. Warrants,$0.831,-0.0889,-9.664%,0.00,United States,2021,14866,Technology,Computer Software: Prepackaged Software
AVCT,American Virtual Cloud Technologies Inc. Common Stock ,$4.65,0.05,1.087%,91306610.00,United States,2017,21328,Technology,EDP Services
AVCTW,American Virtual Cloud Technologies Inc. Warrant expiring 4/7/2025,$0.28,-0.0059,-2.064%,0.00,United States,2017,13514,Technology,EDP Services
AVGO,Broadcom Inc. Common Stock,$485.40,1.29,0.266%,199140475824.00,United States,2009,1154792,Technology,Semiconductors
AVGOP,Broadcom Inc. 8.00% Mandatory Convertible Preferred Stock Series A,$1544.34,23.09,1.518%,0.00,United States,,10621,Technology,Semiconductors
AVID,Avid Technology Inc. Common Stock,$37.39,0.44,1.191%,1689787919.00,United States,1993,246960,Technology,Computer Software: Prepackaged Software
AVLR,Avalara Inc. Common Stock,$167.17,-4.78,-2.78%,14371515798.00,United States,2018,611937,Technology,EDP Services
AVPTW,AvePoint Inc. Warrant,$2.72,0.03,1.115%,0.00,United States,2019,36657,Technology,Computer Software: Prepackaged Software
AVT,Avnet Inc. Common Stock,$41.32,0.26,0.633%,4111424665.00,United States,,495159,Technology,Electronic Components
AVYA,Avaya Holdings Corp. Common Stock,$24.22,-0.50,-2.023%,2048368378.00,,,626062,Technology,Retail: Computer Software & Peripheral Equipment
AWRE,Aware Inc. Common Stock,$3.98,0.14,3.646%,85687342.00,United States,1996,41036,Technology,EDP Services
AXTI,AXT Inc Common Stock,$10.20,0.05,0.493%,431460000.00,United States,1998,308899,Technology,Semiconductors
AYX,Alteryx Inc. Class A Common Stock,$77.40,0.54,0.703%,5195812309.00,United States,2017,617240,Technology,Computer Software: Prepackaged Software
AZPN,Aspen Technology Inc. Common Stock,$146.26,0.86,0.591%,9947862784.00,United States,1994,237939,Technology,EDP Services
BAND,Bandwidth Inc. Class A Common Stock,$129.66,-0.12,-0.092%,3253755334.00,United States,2017,199560,Technology,Computer Software: Prepackaged Software
BB,BlackBerry Limited Common Stock,$10.16,-0.19,-1.836%,5754747810.00,Canada,,5332320,Technology,Computer Software: Prepackaged Software
BBSI,Barrett Business Services Inc. Common Stock,$73.21,0.00,0.00%,553856711.00,United States,1993,12095,Technology,Professional Services
BCOV,Brightcove Inc. Common Stock,$11.47,0.16,1.415%,468118480.00,United States,2012,612328,Technology,EDP Services
BEEM,Beam Global Common Stock,$30.57,0.28,0.924%,271683538.00,United States,,146869,Technology,Semiconductors
BEEMW,Beam Global Warrant,$25.375,1.825,7.749%,0.00,United States,,231,Technology,Semiconductors
BGSF,BGSF Inc. Common Stock,$12.62,-0.06,-0.473%,130441708.00,United States,,22919,Technology,Diversified Commercial Services
BHE,Benchmark Electronics Inc. Common Stock,$26.40,-0.23,-0.864%,945552934.00,United States,,128374,Technology,Electrical Products
BIDU,Baidu Inc. ADS,$164.01,-3.05,-1.826%,56993961782.00,China,2005,3229222,Technology,Computer Software: Programming Data Processing
BIGC,BigCommerce Holdings Inc. Series 1 Common Stock,$64.76,-4.29,-6.213%,4552360541.00,United States,2020,1686021,Technology,Computer Software: Prepackaged Software
BILI,Bilibili Inc. American Depositary Shares,$85.58,-3.80,-4.252%,32769903270.00,China,2018,5438374,Technology,EDP Services
BILL,Bill.com Holdings Inc. Common Stock,$206.82,1.00,0.486%,19315768589.00,,2019,607467,Technology,Computer Software: Prepackaged Software
BKI,Black Knight Inc. Common Stock ,$82.81,0.73,0.889%,12969190600.00,,2017,534303,Technology,EDP Services
BKTI,BK Technologies Corporation Common Stock,$3.23,0.03,0.938%,54217879.00,United States,,5902,Technology,Radio And Television Broadcasting And Communications Equipment
BL,BlackLine Inc. Common Stock,$114.39,-1.38,-1.192%,6639929183.00,United States,2016,215391,Technology,Computer Software: Prepackaged Software
BLCT,BlueCity Holdings Limited American Depositary Shares,$5.55,-0.09,-1.596%,198900334.00,China,2020,66343,Technology,EDP Services
BLIN,Bridgeline Digital Inc. Common Stock,$6.40,0.52,8.844%,52135750.00,United States,,13220312,Technology,Computer Software: Prepackaged Software
BLKB,Blackbaud Inc. Common Stock,$71.33,-0.52,-0.724%,3482258628.00,United States,2004,146307,Technology,Computer Software: Prepackaged Software
BMBL,Bumble Inc. Class A Common Stock,$50.88,-0.73,-1.414%,6095374952.00,United States,2021,637183,Technology,Computer Software: Programming Data Processing
BMTX,BM Technologies Inc. Common Stock,$10.03,-0.33,-3.185%,122369791.00,,2018,88259,Technology,EDP Services
BNFT,Benefitfocus Inc. Common Stock,$13.16,-0.08,-0.604%,436658788.00,United States,2013,96908,Technology,Computer Software: Prepackaged Software
BOMN,Boston Omaha Corporation Class A Common Stock,$32.71,-0.39,-1.178%,967434722.00,United States,,105781,Technology,Advertising
BOSC,B.O.S. Better Online Solutions Common Stock,$3.91,0.01,0.256%,16883380.00,Israel,,44001,Technology,Computer Communications Equipment
BOX,Box Inc. Class A Common Stock,$23.92,-0.41,-1.685%,3701172816.00,United States,2015,1482824,Technology,Computer Software: Prepackaged Software
BRKS,Brooks Automation Inc.,$89.01,0.12,0.135%,6613151848.00,United States,1995,471400,Technology,Industrial Machinery/Components
BRQS,Borqs Technologies Inc. Ordinary Shares,$0.7651,0.0132,1.756%,93250298.00,China,2015,10012471,Technology,EDP Services
BSQR,BSQUARE Corporation Common Stock,$3.15,0.01,0.318%,58079999.00,United States,1999,3903225,Technology,Computer Software: Prepackaged Software
BSY,Bentley Systems Incorporated Class B Common Stock,$60.81,-0.06,-0.099%,16827416050.00,United States,2020,651278,Technology,Computer Software: Prepackaged Software
BTRS,BTRS Holdings Inc. Class 1 Common Stock,$11.71,-0.22,-1.844%,1867059754.00,United States,2019,562046,Technology,EDP Services
BTRSW,BTRS Holdings Inc. Warrants,$3.76,0.00,0.00%,0.00,United States,2019,141,Technology,EDP Services
CACI,CACI International Inc. Class A Common Stock,$266.96,-1.91,-0.71%,6287101813.00,United States,,230772,Technology,EDP Services
CAI,CAI International Inc. Common Stock,$55.81,-0.05,-0.09%,967830454.00,United States,,148469,Technology,Diversified Commercial Services
CAMP,CalAmp Corp. Common Stock,$12.13,-0.16,-1.302%,428018185.00,United States,1983,127355,Technology,Radio And Television Broadcasting And Communications Equipment
CAN,Canaan Inc. American Depositary Shares,$6.88,0.05,0.732%,1180884665.00,China,2019,5991642,Technology,Semiconductors
CANG,Cango Inc. American Depositary Shares  each representing two (2) Class A Ordinary Shares,$4.37,0.13,3.066%,637820920.00,,2018,584646,Technology,Computer Software: Prepackaged Software
CASA,Casa Systems Inc. Common Stock,$7.51,-0.75,-9.08%,636601409.00,United States,2017,1074182,Technology,Radio And Television Broadcasting And Communications Equipment
CCMP,CMC Materials Inc. Common Stock,$144.64,1.24,0.865%,4231274405.00,United States,2000,188141,Technology,Semiconductors
CCO,Clear Channel Outdoor Holdings Inc. Common Stock,$2.66,-0.01,-0.375%,1252416275.00,United States,2005,2431380,Technology,Advertising
CCRN,Cross Country Healthcare Inc. Common Stock $0.0001 Par Value,$16.42,0.06,0.367%,618520530.00,United States,2001,220758,Technology,Professional Services
CDAY,Ceridian HCM Holding Inc. Common Stock,$98.40,0.28,0.285%,14684991845.00,United States,2018,492214,Technology,Computer Software: Prepackaged Software
CDLX,Cardlytics Inc. Common Stock,$125.96,-2.13,-1.663%,4141070659.00,United States,2018,405527,Technology,EDP Services
CDNS,Cadence Design Systems Inc. Common Stock,$147.65,1.85,1.269%,40866567000.00,United States,,1478559,Technology,Computer Software: Prepackaged Software
CDW,CDW Corporation Common Stock,$183.35,0.24,0.131%,25706319242.00,United States,2013,670772,Technology,EDP Services
CETX,Cemtrex Inc. Common Stock,$1.28,-0.03,-2.29%,23950673.00,United States,,342866,Technology,EDP Services
CETXP,Cemtrex Inc. Series 1 Preferred Stock,$2.10,-0.0524,-2.434%,0.00,United States,,300,Technology,EDP Services
CETXW,Cemtrex Inc. Series 1 Warrant,$0.106,-0.0336,-24.069%,0.00,United States,,6254,Technology,EDP Services
CEVA,CEVA Inc. Common Stock,$49.64,4.27,9.412%,1132458218.00,United States,,784481,Technology,Semiconductors
CGNT,Cognyte Software Ltd. Ordinary Shares,$25.97,-0.23,-0.878%,1713852597.00,Israel,,258613,Technology,Computer Software: Prepackaged Software
CHKP,Check Point Software Technologies Ltd. Ordinary Shares,$127.10,1.42,1.13%,16878653127.00,Israel,1996,1022226,Technology,Computer Software: Prepackaged Software
CIH,China Index Holdings Limited American Depository Shares,$1.69,0.05,3.049%,152181346.00,China,,13517,Technology,EDP Services
CLDR,Cloudera Inc. Common Stock,$15.87,0.03,0.189%,4699624092.00,Canada,2017,2946072,Technology,Computer Software: Prepackaged Software
CLIR,ClearSign Technologies Corporation Common Stock,$4.10,-0.10,-2.381%,128375875.00,United States,2012,82663,Technology,Industrial Machinery/Components
CLPS,CLPS Incorporation Common Stock,$3.71,-0.14,-3.636%,75240191.00,China,2018,77244,Technology,Computer Software: Prepackaged Software
CLRO,ClearOne Inc. (DE) Common Stock,$2.85,0.10,3.636%,53510953.00,United States,,65221,Technology,Radio And Television Broadcasting And Communications Equipment
CLSK,CleanSpark Inc. Common Stock,$13.50,-0.18,-1.316%,446242541.00,United States,,710094,Technology,EDP Services
CMBM,Cambium Networks Corporation Ordinary Shares,$44.05,-1.13,-2.501%,1158991665.00,Cayman Islands,2019,115890,Technology,Radio And Television Broadcasting And Communications Equipment
CMCM,Cheetah Mobile Inc. American Depositary Shares each representing 10 Class Ordinary Shares,$2.03,0.05,2.525%,284823238.00,,2014,292138,Technology,Computer Software: Prepackaged Software
CMTL,Comtech Telecommunications Corp. Common Stock,$24.97,-0.21,-0.834%,650942805.00,United States,,98697,Technology,Radio And Television Broadcasting And Communications Equipment
CNDT,Conduent Incorporated Common Stock ,$6.71,-0.10,-1.468%,1425127640.00,United States,,1381273,Technology,Retail: Computer Software & Peripheral Equipment
CNET,ZW Data Action Technologies Inc. Common Stock,$1.56,-0.05,-3.106%,48835667.00,China,,89345,Technology,Advertising
CNXC,Concentrix Corporation Common Stock,$163.73,2.90,1.803%,8549440455.00,United States,,98427,Technology,Computer Software: Prepackaged Software
CNXN,PC Connection Inc. Common Stock,$47.56,1.35,2.921%,1245462043.00,United States,,56551,Technology,Retail: Computer Software & Peripheral Equipment
COIN,Coinbase Global Inc. Class A Common Stock,$236.58,0.80,0.339%,49365288371.00,United States,,2028983,Technology,EDP Services
COMM,CommScope Holding Company Inc. Common Stock,$21.16,-0.05,-0.236%,4318304467.00,United States,2013,1428382,Technology,Radio And Television Broadcasting And Communications Equipment
COMP,Compass Inc. Class A Common Stock,$13.66,0.42,3.172%,5381672396.00,,2021,492198,Technology,EDP Services
COUP,Coupa Software Incorporated Common Stock,$217.00,-0.14,-0.064%,15954995091.00,United States,2016,548858,Technology,Computer Software: Prepackaged Software
COUR,Coursera Inc. Common Stock,$35.59,-0.63,-1.739%,4832070992.00,,2021,564606,Technology,Computer Software: Prepackaged Software
CPSI,Computer Programs and Systems Inc. Common Stock,$31.57,-0.21,-0.661%,464989132.00,United States,2002,36893,Technology,EDP Services
CREE,Cree Inc. Common Stock,$92.76,1.67,1.833%,10711068718.00,United States,1993,1086117,Technology,Semiconductors
CREX,Creative Realities Inc. Common Stock,$1.67,0.04,2.454%,19796973.00,United States,,56384,Technology,EDP Services
CREXW,Creative Realities Inc. Warrant,$0.2555,-0.0243,-8.685%,0.00,United States,,265,Technology,EDP Services
CRM,Salesforce.com Inc Common Stock,$241.93,-2.11,-0.865%,235042031776.00,United States,2004,3747430,Technology,Computer Software: Prepackaged Software
CRNC,Cerence Inc. Common Stock,$107.51,-0.26,-0.241%,4066120766.00,United States,,206110,Technology,EDP Services
CRNT,Ceragon Networks Ltd. Ordinary Shares,$4.00,0.25,6.667%,333539028.00,Israel,,1680518,Technology,Radio And Television Broadcasting And Communications Equipment
CRSR,Corsair Gaming Inc. Common Stock,$29.19,-0.16,-0.545%,2690951461.00,United States,2020,1864551,Technology,Computer Manufacturing
CRTO,Criteo S.A. American Depositary Shares,$38.79,-0.74,-1.872%,2355623177.00,France,2013,332891,Technology,Advertising
CRUS,Cirrus Logic Inc. Common Stock,$82.59,0.54,0.658%,4756995943.00,United States,1989,660318,Technology,Semiconductors
CRWD,CrowdStrike Holdings Inc. Class A Common Stock,$253.61,-6.42,-2.469%,57267830831.00,United States,2019,2265318,Technology,EDP Services
CSCO,Cisco Systems Inc. Common Stock (DE),$55.37,0.30,0.545%,233760265737.00,United States,1990,13437192,Technology,Computer peripheral equipment
CSGS,CSG Systems International Inc. Common Stock,$45.36,-0.22,-0.483%,1491860735.00,United States,1996,128984,Technology,EDP Services
CSLT,Castlight Health Inc. Class B Common Stock,$2.33,-0.02,-0.851%,367950662.00,,2014,848821,Technology,EDP Services
CSOD,Cornerstone OnDemand Inc. Common Stock,$47.94,-0.14,-0.291%,3173607913.00,United States,2011,315314,Technology,Computer Software: Prepackaged Software
CSPI,CSP Inc. Common Stock,$10.18,-0.5297,-4.946%,44730574.00,United States,1982,4031,Technology,EDP Services
CTEK,CynergisTek Inc. Common Stock,$2.15,0.01,0.467%,26059501.00,United States,2017,8444,Technology,Retail: Computer Software & Peripheral Equipment
CTG,Computer Task Group Inc. Common Stock,$8.91,-0.08,-0.89%,137018595.00,United States,,30239,Technology,EDP Services
CTK,CooTek (Cayman) Inc. American Depositary Shares each representing 50 Class A Ordinary Shares,$1.44,0.05,3.597%,93026422.00,,2018,141821,Technology,EDP Services
CTLP,Cantaloupe Inc. Common Stock,$10.34,-0.16,-1.524%,735290976.00,United States,,176366,Technology,EDP Services
CTOS,Custom Truck One Source Inc. Common Stock,$7.79,-0.20,-2.503%,1920998872.00,Cayman Islands,2017,204372,Technology,Diversified Commercial Services
CTSH,Cognizant Technology Solutions Corporation Class A Common Stock,$73.53,-0.39,-0.528%,38823840000.00,United States,1998,3393462,Technology,EDP Services
CTXS,Citrix Systems Inc. Common Stock,$100.75,1.75,1.768%,12509829784.00,United States,1995,2711142,Technology,Computer Software: Prepackaged Software
CUEN,Cuentas Inc. Common Stock,$3.69,0.15,4.237%,51031228.00,United States,,767284,Technology,Computer Software: Prepackaged Software
CUENW,Cuentas Inc. Warrant,$1.18,0.125,11.848%,0.00,United States,,8661,Technology,Computer Software: Prepackaged Software
CVLT,Commvault Systems Inc. Common Stock,$75.59,-0.50,-0.657%,3467385866.00,United States,2006,501293,Technology,Computer Software: Prepackaged Software
CVV,CVD Equipment Corporation Common Stock,$4.15,0.13,3.234%,27739766.00,United States,,33913,Technology,Industrial Machinery/Components
CYBR,CyberArk Software Ltd. Ordinary Shares,$142.03,-1.47,-1.024%,5647064794.00,Israel,2014,198565,Technology,Computer Software: Prepackaged Software
CYRN,CYREN Ltd. Ordinary Shares,$0.586,-0.016,-2.658%,44325160.00,United States,,275600,Technology,Computer Software: Prepackaged Software
DAVA,Endava plc American Depositary Shares (each representing one Class A Ordinary Share),$128.62,0.14,0.109%,7089192914.00,,2018,139481,Technology,EDP Services
DBD,Diebold Nixdorf Incorporated Common Stock,$10.41,-0.30,-2.801%,814356155.00,United States,,1469814,Technology,EDP Services
DBX,Dropbox Inc. Class A Common Stock,$31.49,-0.26,-0.819%,12308731404.00,United States,2018,3820148,Technology,Computer Software: Prepackaged Software
DCT,Duck Creek Technologies Inc. Common Stock,$43.93,-0.36,-0.813%,5786122262.00,United States,2020,517705,Technology,Retail: Computer Software & Peripheral Equipment
DDD,3D Systems Corporation Common Stock,$27.54,-0.23,-0.828%,3443870363.00,United States,,2365974,Technology,Computer peripheral equipment
DDOG,Datadog Inc. Class A Common Stock,$110.70,-0.53,-0.476%,34138047804.00,United States,2019,1808094,Technology,Computer Software: Prepackaged Software
DELL,Dell Technologies Inc. Class C Common Stock ,$96.62,-0.17,-0.176%,73787743163.00,,2018,804298,Technology,Computer Manufacturing
DGII,Digi International Inc. Common Stock,$20.68,-0.09,-0.433%,703730391.00,United States,1989,112939,Technology,Computer peripheral equipment
DHX,DHI Group Inc. Common Stock,$4.00,0.06,1.523%,208706652.00,United States,2007,192685,Technology,Diversified Commercial Services
DIOD,Diodes Incorporated Common Stock,$82.00,1.82,2.27%,3658570630.00,United States,,235216,Technology,Semiconductors
DLB,Dolby Laboratories Common Stock,$97.10,1.34,1.399%,9842138535.00,United States,2005,474556,Technology,EDP Services
DLX,Deluxe Corporation Common Stock,$43.90,-0.05,-0.114%,1852649143.00,United States,,148220,Technology,Advertising
DM,Desktop Metal Inc. Class A Common Stock,$9.00,-0.24,-2.597%,2301990453.00,,2019,2276607,Technology,Computer peripheral equipment
DMAR,FT Cboe Vest U.S. Equity Deep Buffer ETF - March,$31.1906,0.06,0.193%,,United States,2021,312,Technology,Radio And Television Broadcasting And Communications Equipment
DMRC,Digimarc Corporation Common Stock,$28.70,0.19,0.666%,485455650.00,United States,,69964,Technology,EDP Services
DMS,Digital Media Solutions Inc. Class A Ordinary Shares,$7.96,-0.01,-0.125%,487798057.00,United States,2018,37593,Technology,Advertising
DNB,Dun & Bradstreet Holdings Inc. Common Stock,$20.96,0.21,1.012%,9042338970.00,United States,2020,1649075,Technology,EDP Services
DOCN,DigitalOcean Holdings Inc. Common Stock,$51.50,-0.16,-0.31%,5488018448.00,,2021,816749,Technology,Retail: Computer Software & Peripheral Equipment
DOCU,DocuSign Inc. Common Stock,$298.04,-3.14,-1.043%,58068660655.00,United States,1989,1406788,Technology,EDP Services
DOMO,Domo Inc. Class B Common Stock,$88.33,-1.42,-1.582%,2798346868.00,United States,2018,150794,Technology,Computer Software: Prepackaged Software
DOX,Amdocs Limited Ordinary Shares,$77.11,0.00,0.00%,9843399940.00,Guernsey,,466638,Technology,EDP Services
DOYU,DouYu International Holdings Limited ADS,$4.03,0.02,0.499%,1307371454.00,China,2019,4020221,Technology,Computer Software: Programming Data Processing
DQ,DAQO New Energy Corp. American Depositary Shares each representing five ordinary shares,$59.25,-0.14,-0.236%,4355679615.00,China,2010,1223668,Technology,Semiconductors
DSP,Viant Technology Inc. Class A Common Stock,$17.29,1.31,8.198%,1018995815.00,United States,2021,385788,Technology,EDP Services
DSPG,DSP Group Inc. Common Stock,$16.05,0.11,0.69%,388839851.00,United States,1994,168049,Technology,Semiconductors
DT,Dynatrace Inc. Common Stock,$63.87,0.16,0.251%,18157368983.00,United States,2019,1266488,Technology,Computer Software: Prepackaged Software
DTST,Data Storage Corporation Common Stock,$4.02,0.02,0.50%,26895050.00,United States,,312126,Technology,EDP Services
DTSTW,Data Storage Corporation Warrant,$1.39,0.00,0.00%,0.00,United States,,690,Technology,EDP Services
DUO,Fangdd Network Group Ltd. American Depositary Shares,$1.72,-0.07,-3.911%,137336432.00,China,2019,141758,Technology,Computer Software: Programming Data Processing
DUOT,Duos Technologies Group Inc. Common Stock,$7.90,-0.09,-1.126%,28321271.00,United States,,567,Technology,Computer Software: Prepackaged Software
DV,DoubleVerify Holdings Inc. Common Stock,$34.60,-1.30,-3.621%,5439185325.00,,2021,556696,Technology,Computer Software: Prepackaged Software
DXC,DXC Technology Company Common Stock ,$39.98,-0.69,-1.697%,10220483122.00,,,1294540,Technology,EDP Services
EA,Electronic Arts Inc. Common Stock,$143.96,0.58,0.405%,41134214239.00,United States,,2825241,Technology,Computer Software: Prepackaged Software
EB,Eventbrite Inc. Class A Common Stock,$17.77,-0.65,-3.529%,1665391304.00,United States,2018,1141421,Technology,EDP Services
EBIX,Ebix Inc. Common Stock,$30.22,-0.45,-1.467%,934973105.00,United States,,102426,Technology,EDP Services
EBON,Ebang International Holdings Inc. Class A Ordinary Shares,$2.21,0.03,1.376%,410696095.00,China,2020,1772816,Technology,Semiconductors
ECOM          ,ChannelAdvisor Corporation Common Stock,$23.29,-0.19,-0.809%,692478123.00,United States,2013,95097,Technology,Computer Software: Prepackaged Software
EEFT,Euronet Worldwide Inc. Common Stock,$142.82,0.27,0.189%,7540518098.00,United States,1997,483100,Technology,EDP Services
EEX,Emerald Holding Inc. Common Stock,$3.95,-0.15,-3.659%,284792685.00,United States,2017,132369,Technology,Advertising
EGAN,eGain Corporation Common Stock,$11.67,-0.06,-0.512%,362925552.00,United States,1999,134252,Technology,Computer Software: Prepackaged Software
EGHT,8x8 Inc Common Stock,$25.56,-0.19,-0.738%,2815913966.00,United States,,598540,Technology,EDP Services
ELTK,Eltek Ltd. Ordinary Shares,$6.6599,0.0299,0.451%,29172147.00,Israel,1997,13512,Technology,Electrical Products
EMKR,EMCORE Corporation Common Stock,$8.74,-0.26,-2.889%,321964810.00,United States,1997,284869,Technology,Semiconductors
ENTG,Entegris Inc. Common Stock,$120.64,0.49,0.408%,16358476489.00,United States,2000,470000,Technology,Semiconductors
ENV,Envestnet Inc Common Stock,$75.23,-0.75,-0.987%,4094213853.00,United States,2010,277350,Technology,EDP Services
EOSE,Eos Energy Enterprises Inc. Class A Common Stock,$15.52,-0.55,-3.423%,817386889.00,United States,,188102,Technology,Electronic Components
EOSEW,Eos Energy Enterprises Inc. Warrant,$6.45,-0.64,-9.027%,0.00,United States,,7945,Technology,Electronic Components
EPAM,EPAM Systems Inc. Common Stock,$559.80,3.66,0.658%,31575388007.00,United States,2012,137775,Technology,EDP Services
EPAY,Bottomline Technologies Inc. Common Stock,$40.36,0.31,0.774%,1831853182.00,United States,1999,407616,Technology,EDP Services
ERIC,Ericsson American Depositary Shares,$11.53,0.04,0.348%,38441020000.00,Sweden,,5061505,Technology,Computer Software: Prepackaged Software
ERII,Energy Recovery Inc. Common Stock,$21.15,-0.04,-0.189%,1216603646.00,United States,2008,248813,Technology,Industrial Machinery/Components
ESSCW,East Stone Acquisition Corporation Warrant,$0.2057,-0.0097,-4.503%,0.00,United States,2020,23401,Technology,Computer Software: Programming Data Processing
ESTC,Elastic N.V. Ordinary Shares,$148.06,1.27,0.865%,13547916413.00,United States,2018,629905,Technology,Computer Software: Prepackaged Software
ETWO,E2open Parent Holdings Inc.Class A Common Stock,$10.05,-0.17,-1.663%,1961038179.00,,2020,2065532,Technology,Computer Software: Prepackaged Software
EVBG,Everbridge Inc. Common Stock,$141.22,-0.01,-0.007%,5389303307.00,United States,2016,177906,Technology,Computer Software: Prepackaged Software
EVER,EverQuote Inc. Class A Common Stock,$30.18,-0.52,-1.694%,868402700.00,United States,2018,82129,Technology,EDP Services
EVLV,Evolv Technologies Holdings Inc. Class A Common Stock,$8.13,-0.18,-2.166%,1156574629.00,United States,2020,176077,Technology,Computer peripheral equipment
EVOL,Evolving Systems Inc. Common Stock,$2.36,0.01,0.426%,28854722.00,United States,1998,233874,Technology,EDP Services
EVTC,Evertec Inc. Common Stock,$43.70,0.43,0.994%,3153538701.00,Puerto Rico,2013,287054,Technology,EDP Services
EXLS,ExlService Holdings Inc. Common Stock,$113.22,4.36,4.005%,3788075812.00,United States,2006,193298,Technology,Retail: Computer Software & Peripheral Equipment
EXTN,Exterran Corporation Common Stock,$4.38,-0.09,-2.013%,145791984.00,United States,2015,246993,Technology,Diversified Commercial Services
FA,First Advantage Corporation Common Stock,$19.61,0.39,2.029%,2997511063.00,United States,2021,86485,Technology,Internet and Information Services
FB,Facebook Inc. Class A Common Stock,$356.30,-2.02,-0.564%,1010276120354.00,United States,2012,15965123,Technology,Internet and Information Services
FDS,FactSet Research Systems Inc. Common Stock,$357.28,8.08,2.314%,13497910851.00,United States,1996,280373,Technology,Advertising
FEYE,FireEye Inc. Common Stock,$20.20,-0.02,-0.099%,4816596595.00,United States,2013,1648839,Technology,Computer Software: Prepackaged Software
FFIV,F5 Networks Inc. Common Stock,$206.51,0.62,0.301%,12452346490.00,United States,1999,457701,Technology,EDP Services
FISV,Fiserv Inc. Common Stock,$115.11,0.65,0.568%,76226384744.00,United States,1986,3441836,Technology,EDP Services
FIVN,Five9 Inc. Common Stock,$201.29,-4.10,-1.996%,13627268788.00,United States,2014,1201443,Technology,EDP Services
FLEX,Flex Ltd. Ordinary Shares,$17.97,0.47,2.686%,8785085026.00,Singapore,1994,7500158,Technology,Electrical Products
FLY,Fly Leasing Limited,$17.03,0.00,0.00%,519092605.00,Ireland,2007,279851,Technology,Diversified Commercial Services
FORA,Forian Inc. Common Stock,$10.68,-0.34,-3.085%,347559325.00,United States,,85903,Technology,Computer Software: Prepackaged Software
FORM,FormFactor Inc. FormFactor Inc. Common Stock,$37.26,1.17,3.242%,2892222435.00,United States,2003,446953,Technology,Semiconductors
FORTY,Formula Systems (1985) Ltd. American Depositary Shares,$88.51,1.01,1.154%,1353695572.00,Israel,,9397,Technology,EDP Services
FOUR,Shift4 Payments Inc. Class A Common Stock,$89.19,-0.99,-1.098%,7579484377.00,United States,2020,588740,Technology,EDP Services
FROG,JFrog Ltd. Ordinary Shares,$43.82,-1.80,-3.946%,4182673819.00,United States,2020,529476,Technology,Computer Software: Prepackaged Software
FRSX,Foresight Autonomous Holdings Ltd. American Depositary Shares,$3.48,-0.02,-0.571%,224465989.00,Israel,,913120,Technology,Computer Software: Prepackaged Software
FSLR,First Solar Inc. Common Stock,$86.04,2.30,2.747%,9147069767.00,United States,2006,3766522,Technology,Semiconductors
FSLY,Fastly Inc. Class A Common Stock,$48.07,-1.04,-2.118%,5562833837.00,,2019,2271649,Technology,Computer Software: Prepackaged Software
FSS,Federal Signal Corporation Common Stock,$39.61,-0.38,-0.95%,2416503629.00,United States,,192895,Technology,Industrial Machinery/Components
FTAI,Fortress Transportation and Infrastructure Investors LLC Common Shares,$28.59,-0.39,-1.346%,2448183228.00,United States,2015,256186,Technology,Diversified Commercial Services
FTCI,FTC Solar Inc. Common Stock,$10.14,-0.42,-3.977%,854818183.00,United States,2021,232397,Technology,Semiconductors
FTFT,Future FinTech Group Inc. Common Stock,$2.33,0.01,0.431%,156748867.00,China,,643980,Technology,EDP Services
GAN,GAN Limited Ordinary Shares,$15.30,-0.20,-1.29%,642731978.00,United Kingdom,2020,286841,Technology,Computer Software: Programming Data Processing
GB,Global Blue Group Holding AG Ordinary Shares,$8.64,-0.16,-1.818%,1559822072.00,,2000,18334,Technology,EDP Services
GDDY,GoDaddy Inc. Class A Common Stock,$83.85,-0.42,-0.498%,14099858631.00,United States,2015,925370,Technology,EDP Services
GDOT,Green Dot Corporation Class A Common Stock $0.001 par value,$46.07,-0.52,-1.116%,2507585032.00,United States,2010,234825,Technology,Advertising
GDRX,GoodRx Holdings Inc. Class A Common Stock,$32.07,-0.45,-1.384%,12601749934.00,United States,2020,1415668,Technology,Retail: Computer Software & Peripheral Equipment
GDS,GDS Holdings Limited ADS,$58.96,0.04,0.068%,11019479489.00,China,2016,1781943,Technology,Computer Software: Programming Data Processing
GDYN,Grid Dynamics Holdings Inc. Class A Common Stock,$21.05,1.99,10.441%,1070204671.00,United States,2018,789277,Technology,EDP Services
GDYNW,Grid Dynamics Holdings Inc. Warrant,$9.47,1.70,21.879%,0.00,United States,2018,176875,Technology,EDP Services
GIC,Global Industrial Company Common Stock,$39.52,0.46,1.178%,1490658792.00,United States,,44064,Technology,Industrial Machinery/Components
GIGM,GigaMedia Limited Ordinary Shares,$2.70,-0.01,-0.369%,29841035.00,Taiwan,,58184,Technology,EDP Services
GILT,Gilat Satellite Networks Ltd. Ordinary Shares,$10.48,0.04,0.383%,592188759.00,Israel,,379185,Technology,Radio And Television Broadcasting And Communications Equipment
GLBE,Global-E Online Ltd. Ordinary Shares,$69.64,-0.26,-0.372%,9905378621.00,Israel,2021,622848,Technology,Computer Software: Prepackaged Software
GLG,TD Holdings Inc. Common Stock,$0.79,-0.0386,-4.658%,76664417.00,China,2013,352686,Technology,EDP Services
GNOG,Golden Nugget Online Gaming Inc. Class A Common Stock,$11.46,-0.31,-2.634%,894575874.00,United States,2019,424900,Technology,Computer Software: Prepackaged Software
GOOG,Alphabet Inc. Class C Capital Stock,$2704.42,-26.39,-0.966%,1803185297476.00,United States,2004,1196538,Technology,Internet and Information Services
GOOGL,Alphabet Inc. Class A Common Stock,$2694.53,-21.02,-0.774%,1796591091475.00,United States,,1278183,Technology,Internet and Information Services
GRPN,Groupon Inc. Common Stock,$36.37,-0.44,-1.195%,1059082725.00,United States,2011,836099,Technology,Advertising
GSIT,GSI Technology Common Stock,$5.49,0.13,2.425%,132671680.00,United States,2007,129990,Technology,Semiconductors
GSKY,GreenSky Inc. Class A Common Stock,$6.57,0.29,4.618%,1211719528.00,United States,2018,875661,Technology,EDP Services
GSMG,Glory Star New Media Group Holdings Limited Ordinary Share,$2.33,-0.17,-6.80%,134147108.00,China,2018,160240,Technology,EDP Services
GSMGW,Glory Star New Media Group Holdings Limited Warrant expiring 2/13/2025,$0.113,-0.0002,-0.177%,0.00,China,2018,34203,Technology,EDP Services
GTLS,Chart Industries Inc. Common Stock,$155.45,5.23,3.482%,5654591217.00,United States,2006,311386,Technology,Electrical Products
GTYH,GTY Technology Holdings Inc. Common Stock,$6.92,-0.27,-3.755%,397867414.00,United States,2016,73517,Technology,Computer Software: Prepackaged Software
GVP,GSE Systems Inc. Common Stock,$1.41,0.01,0.714%,29098800.00,United States,,22052,Technology,Computer Software: Prepackaged Software
GWAC,Good Works Acquisition Corp. Common Stock,$9.92,0.00,0.00%,213061760.00,United States,2020,60555,Technology,EDP Services
GWRE,Guidewire Software Inc. Common Stock,$115.20,1.08,0.946%,9579424320.00,United States,2012,268791,Technology,Computer Software: Prepackaged Software
HAYW,Hayward Holdings Inc. Common Stock,$24.09,-0.17,-0.701%,5567229281.00,,2021,1140871,Technology,Electronic Components
HCKT,Hackett Group Inc (The). Common Stock,$17.92,-0.05,-0.278%,539965745.00,United States,,82896,Technology,Retail: Computer Software & Peripheral Equipment
HCSG,Healthcare Services Group Inc. Common Stock,$26.10,-0.19,-0.723%,1948573800.00,United States,1983,611361,Technology,Diversified Commercial Services
HEES,H&E Equipment Services Inc. Common Stock,$34.03,-0.05,-0.147%,1229335758.00,United States,2006,150946,Technology,Engineering & Construction
HHR,HeadHunter Group PLC American Depositary Shares,$42.63,-1.11,-2.538%,2158600744.00,Cyprus,2019,164348,Technology,Professional Services
HIMX,Himax Technologies Inc. American Depositary Shares,$13.67,0.02,0.147%,2379798886.00,Taiwan,2006,3664947,Technology,Semiconductors
HLIT,Harmonic Inc. Common Stock,$8.85,0.44,5.232%,894623340.00,United States,1995,2241604,Technology,Radio And Television Broadcasting And Communications Equipment
HPQ,HP Inc. Common Stock,$28.87,0.09,0.313%,34680246227.00,United States,,6814489,Technology,Computer peripheral equipment
HQI,HireQuest Inc. Common Stock (DE),$18.30,0.04,0.219%,249064354.00,United States,,3249,Technology,Diversified Commercial Services
HRI,Herc Holdings Inc. Common Stock ,$124.04,0.24,0.194%,3677320230.00,,2016,227796,Technology,Diversified Commercial Services
HSII,Heidrick & Struggles International Inc. Common Stock,$42.71,-0.11,-0.257%,834097385.00,United States,1999,84522,Technology,Diversified Commercial Services
HSON,Hudson Global Inc. Common Stock,$17.80,-0.18,-1.001%,47838693.00,United States,,5925,Technology,Professional Services
HUBS,HubSpot Inc. Common Stock,$596.02,13.13,2.253%,27849497012.00,United States,2014,512671,Technology,Computer Software: Prepackaged Software
HVBT,Hive Blockchain Technologies Ltd. Common Shares,$2.57,0.19,7.983%,968890000.00,Canada,,5854767,Technology,EDP Services
IBEX,IBEX Limited Common Shares,$20.63,-0.34,-1.621%,379347885.00,Bermuda,2020,21644,Technology,EDP Services
IBM,International Business Machines Corporation Common Stock,$140.96,-0.97,-0.683%,126345277490.00,United States,,3534643,Technology,EDP Services
ICHR,Ichor Holdings Ordinary Shares,$51.57,2.29,4.647%,1448045582.00,United States,2016,680594,Technology,Semiconductors
ICLK,iClick Interactive Asia Group Limited American Depositary Shares,$5.66,0.01,0.177%,519856069.00,Hong Kong,2017,285356,Technology,Computer Software: Prepackaged Software
IDEX,Ideanomics Inc. Common Stock,$2.37,-0.05,-2.066%,1090649264.00,United States,,7737947,Technology,EDP Services
IDN,Intellicheck Inc. Common Stock,$9.00,0.03,0.334%,168225858.00,United States,1999,111013,Technology,Retail: Computer Software & Peripheral Equipment
IEC,IEC Electronics Corp. Common Stock,$11.00,0.21,1.946%,116812960.00,United States,,23684,Technology,Electrical Products
IGC,India Globalization Capital Inc. Common Stock,$1.77,-0.03,-1.667%,85539273.00,United States,,1474150,Technology,Engineering & Construction
III,Information Services Group Inc. Information Services Group Inc. Common Stock,$5.97,-0.01,-0.167%,286646034.00,United States,,174781,Technology,Retail: Computer Software & Peripheral Equipment
IIIV,i3 Verticals Inc. Class A Common Stock,$31.92,0.07,0.22%,1026404581.00,United States,2018,59623,Technology,EDP Services
IMMR,Immersion Corporation Common Stock,$7.56,-0.19,-2.452%,233494690.00,United States,1999,425103,Technology,Computer peripheral equipment
IMOS,ChipMOS TECHNOLOGIES INC. American Depositary Shares,$38.43,0.74,1.963%,1397391891.00,Taiwan,,36433,Technology,Semiconductors
IMXI,International Money Express Inc. Common Stock,$16.19,-0.24,-1.461%,633726595.00,United States,2017,92418,Technology,EDP Services
INFO,IHS Markit Ltd. Common Shares,$116.84,1.51,1.309%,46573860197.00,Bermuda,1996,4150234,Technology,EDP Services
INFY,Infosys Limited American Depositary Shares,$22.12,0.20,0.912%,93827219255.00,India,,4464035,Technology,EDP Services
INOD,Innodata Inc. Common Stock,$6.84,-0.04,-0.581%,180007001.00,United States,1993,28194,Technology,EDP Services
INOV,Inovalon Holdings Inc. Class A Common Stock,$37.88,-0.01,-0.026%,5922036810.00,United States,2015,424004,Technology,EDP Services
INPX,Inpixon Common Stock,$1.03,-0.03,-2.83%,115134044.00,United States,2014,698034,Technology,Computer Software: Prepackaged Software
INS,Intelligent Systems Corporation Common Stock,$33.79,-0.08,-0.236%,300134607.00,United States,1992,25690,Technology,Retail: Computer Software & Peripheral Equipment
INTC,Intel Corporation Common Stock,$53.72,0.02,0.037%,217942040000.00,United States,,16459081,Technology,Semiconductors
INTT,inTest Corporation Common Stock,$14.31,0.07,0.492%,153791445.00,United States,1997,31741,Technology,Semiconductors
INTU,Intuit Inc. Common Stock,$529.97,4.46,0.849%,144819213202.00,United States,1993,905255,Technology,Computer Software: Prepackaged Software
INUV,Inuvo Inc.,$0.7821,-0.016,-2.005%,92691523.00,United States,,747385,Technology,Advertising
INVE,Identiv Inc. Common Stock,$16.28,0.18,1.118%,357889654.00,United States,,171526,Technology,Computer peripheral equipment
IPDN,Professional Diversity Network Inc. Common Stock,$1.39,-0.01,-0.714%,20760498.00,United States,2013,183274,Technology,EDP Services
IPG,Interpublic Group of Companies Inc. (The) Common Stock,$35.36,0.42,1.202%,13918411156.00,United States,,6122061,Technology,Advertising
IPGP,IPG Photonics Corporation Common Stock,$218.16,3.84,1.792%,11688709558.00,United States,2006,217227,Technology,Semiconductors
IQ,iQIYI Inc. American Depositary Shares,$11.16,-0.18,-1.587%,8808419573.00,China,2018,6562750,Technology,Internet and Information Services
ISDR,Issuer Direct Corporation Common Stock,$27.96,0.2784,1.006%,105296661.00,United States,,7213,Technology,EDP Services
ISIG,Insignia Systems Inc. Common Stock,$8.21,0.01,0.122%,14400586.00,United States,1991,6306,Technology,Advertising
ISUN,iSun Inc. Common Stock,$9.24,0.08,0.873%,83970967.00,United States,2016,48774,Technology,Semiconductors
ITRN,Ituran Location and Control Ltd. Ordinary Shares,$25.39,0.52,2.091%,528449839.00,Israel,2005,18900,Technology,Electronic Components
IZEA,IZEA Worldwide Inc. Common Stock,$2.25,0.04,1.81%,139074881.00,United States,,578351,Technology,Advertising
JAMF,Jamf Holding Corp. Common Stock,$32.81,0.46,1.422%,3867802060.00,United States,2020,727085,Technology,Computer Software: Prepackaged Software
JBL,Jabil Inc. Common Stock,$59.54,0.60,1.018%,8682696170.00,United States,1993,778202,Technology,Electrical Products
JCOM,j2 Global Inc. Common Stock,$141.27,-2.28,-1.588%,6373000211.00,United States,1999,416927,Technology,Telecommunications Equipment
JG,Aurora Mobile Limited American Depositary Shares,$2.31,-0.03,-1.282%,272379899.00,China,2018,248676,Technology,EDP Services
JKHY,Jack Henry & Associates Inc. Common Stock,$174.09,0.80,0.462%,12914966752.00,United States,1985,211075,Technology,Retail: Computer Software & Peripheral Equipment
JKS,JinkoSolar Holding Company Limited American Depositary Shares (each representing 4 Common Shares),$53.89,0.94,1.775%,2569417430.00,China,2010,1019940,Technology,Semiconductors
JNPR,Juniper Networks Inc. Common Stock,$28.14,0.73,2.663%,9222606977.00,United States,1999,4373388,Technology,Computer peripheral equipment
JOB,GEE Group Inc. Common Stock,$0.4636,-0.0049,-1.046%,52618811.00,United States,,1396843,Technology,Diversified Commercial Services
JOBS,51job Inc. American Depositary Shares,$72.02,0.03,0.042%,4856827792.00,China,2004,1216292,Technology,Diversified Commercial Services
JT,Jianpu Technology Inc. American depositary shares,$1.89,0.00,0.00%,40032797.00,,2017,114067,Technology,EDP Services
KAI,Kadant Inc Common Stock,$180.13,1.82,1.021%,2085505511.00,United States,,16383,Technology,Industrial Machinery/Components
KARO,Karooooo Ltd. Ordinary Shares,$37.96,-0.04,-0.105%,1174903984.00,Singapore,2021,10979,Technology,Computer Software: Prepackaged Software
KBNT,Kubient Inc. Common Stock,$4.30,-0.12,-2.715%,60124625.00,United States,2020,62886,Technology,EDP Services
KBNTW,Kubient Inc. Warrant,$1.61,0.00,0.00%,0.00,United States,2020,560,Technology,EDP Services
KC,Kingsoft Cloud Holdings Limited American Depositary Shares,$29.00,0.01,0.034%,6476404323.00,China,2020,1298229,Technology,Computer Software: Prepackaged Software
KELYA,Kelly Services Inc. Class A Common Stock,$21.92,-0.31,-1.395%,862969488.00,United States,,76534,Technology,Diversified Commercial Services
KELYB,Kelly Services Inc. Class B Common Stock,$22.2601,0.00,0.00%,876358901.00,United States,,48,Technology,Diversified Commercial Services
KFRC,Kforce Inc. Common Stock,$62.43,-0.02,-0.032%,1368149454.00,United States,1995,141707,Technology,Diversified Commercial Services
KFY,Korn Ferry Common Stock,$68.74,-0.14,-0.203%,3712661973.00,United States,1999,219912,Technology,Diversified Commercial Services
KLIC,Kulicke and Soffa Industries Inc. Common Stock,$54.36,-0.28,-0.512%,3373230108.00,Singapore,,466238,Technology,Semiconductors
KLR,Kaleyra Inc. Common Stock,$10.13,-0.23,-2.22%,317143314.00,United States,2018,244955,Technology,EDP Services
KLTR,Kaltura Inc. Common Stock,$11.91,0.33,2.85%,1477871430.00,United States,2021,79420,Technology,EDP Services
KNBE,KnowBe4 Inc. Class A Common Stock,$21.21,-0.31,-1.441%,3598750225.00,United States,2021,548835,Technology,Computer Software: Programming Data Processing
KTCC,Key Tronic Corporation Common Stock,$6.67,-0.10,-1.477%,71781680.00,United States,1983,8718,Technology,Computer peripheral equipment
KVHI,KVH Industries Inc. Common Stock,$11.32,-0.41,-3.495%,212370966.00,United States,1996,56026,Technology,Radio And Television Broadcasting And Communications Equipment
LASR,nLIGHT Inc. Common Stock,$34.69,0.20,0.58%,1485002166.00,United States,2018,85406,Technology,Semiconductors
LAZR,Luminar Technologies Inc.  Class A Common Stock,$18.40,0.10,0.546%,6252914670.00,United States,2019,2075530,Technology,EDP Services
LDOS,Leidos Holdings Inc. Common Stock,$106.42,-0.55,-0.514%,15049933321.00,United States,,576805,Technology,EDP Services
LEDS,SemiLEDS Corporation Common Stock,$8.43,-0.34,-3.877%,34598305.00,Taiwan,2010,368377,Technology,Semiconductors
LITE,Lumentum Holdings Inc. Common Stock,$83.99,0.31,0.37%,6374841000.00,United States,,573180,Technology,Computer peripheral equipment
LIVX,LiveXLive Media Inc. Common Stock,$3.54,-0.09,-2.479%,274539291.00,United States,,264434,Technology,EDP Services
LIZI,LIZHI INC. American Depositary Shares,$4.71,-0.16,-3.285%,235952909.00,China,2020,395636,Technology,Computer Software: Programming Data Processing
LOGI,Logitech International S.A. Ordinary Shares,$109.05,0.80,0.739%,18396625950.00,United States,1997,987192,Technology,Computer peripheral equipment
LPSN,LivePerson Inc. Common Stock,$63.69,0.37,0.584%,4391653765.00,United States,2000,417719,Technology,EDP Services
LRCX,Lam Research Corporation Common Stock,$637.41,17.78,2.869%,90831562410.00,United States,1984,1650463,Technology,Industrial Machinery/Components
LSCC,Lattice Semiconductor Corporation Common Stock,$56.75,1.58,2.864%,7749308067.00,United States,,864478,Technology,Semiconductors
LYV,Live Nation Entertainment Inc. Common Stock,$78.89,-1.83,-2.267%,17251920251.00,United States,,1479670,Technology,Advertising
LZ,LegalZoom.com Inc. Common Stock,$36.78,0.37,1.016%,7127847444.00,United States,2021,158715,Technology,EDP Services
MAN,ManpowerGroup Common Stock,$118.58,0.20,0.169%,6465660115.00,United States,,493887,Technology,Professional Services
MANH,Manhattan Associates Inc. Common Stock,$159.63,-1.28,-0.795%,10120159367.00,United States,1998,366438,Technology,Computer Software: Prepackaged Software
MANT,ManTech International Corporation Common Stock $0.01 Par Value,$87.46,-0.31,-0.353%,3550997045.00,United States,2002,112878,Technology,EDP Services
MCFE,McAfee Corp. Class A Common Stock,$27.07,-0.04,-0.148%,11668778391.00,United States,2020,687990,Technology,Computer Software: Prepackaged Software
MCHP,Microchip Technology Incorporated Common Stock,$143.12,2.09,1.482%,39220625409.00,United States,1993,1720955,Technology,Semiconductors
MCO,Moody's Corporation Common Stock,$376.00,-1.31,-0.347%,70011200000.00,United States,,896367,Technology,Advertising
MDB,MongoDB Inc. Class A Common Stock,$358.92,-3.14,-0.867%,23200621103.00,United States,2017,396081,Technology,Retail: Computer Software & Peripheral Equipment
MDCA,MDC Partners Inc. CL A Subordinate Voting Shares,$5.61,-0.10,-1.751%,440977309.00,Canada,,137964,Technology,Advertising
MDLA,Medallia Inc. Common Stock,$33.87,0.32,0.954%,5431939963.00,United States,2019,4540960,Technology,Computer Software: Programming Data Processing
MDRX,Allscripts Healthcare Solutions Inc. Common Stock,$17.08,-0.15,-0.871%,2411101035.00,United States,,1177622,Technology,EDP Services
MFC,Manulife Financial Corporation Common Stock,$19.33,-0.10,-0.515%,37538581087.00,Canada,,2403459,Technology,Advertising
MFGP,Micro Focus Intl PLC ADS each representing One Ord Sh,$5.54,-0.10,-1.773%,1858971343.00,,2017,365788,Technology,Computer Software: Prepackaged Software
MFH,Mercurity Fintech Holding Inc. ADS,$3.58,-0.08,-2.186%,34536013.00,China,2015,69512,Technology,EDP Services
MGIC,Magic Software Enterprises Ltd. Ordinary Shares,$17.46,-0.12,-0.683%,856152060.00,Israel,1991,14724,Technology,Computer Software: Prepackaged Software
MGNI,Magnite Inc. Common Stock,$30.30,-0.86,-2.76%,3904429154.00,United States,,945030,Technology,Advertising
MGRC,McGrath RentCorp Common Stock,$78.42,0.54,0.693%,1899200654.00,United States,1984,54413,Technology,Diversified Commercial Services
MICT,MICT Inc. Common Stock,$1.85,-0.05,-2.632%,223296841.00,United States,,1028466,Technology,EDP Peripherals
MIME,Mimecast Limited Ordinary Shares,$55.55,-0.66,-1.174%,3647501047.00,United Kingdom,2015,596719,Technology,EDP Services
MIND,MIND Technology Inc. Common Stock (DE),$1.98,-0.06,-2.941%,27272009.00,United States,1994,44909,Technology,Diversified Commercial Services
MINDP,MIND Technology Inc. Series A 9.00% Series A Cumulative Preferred Stock (DE),$25.16,-0.0286,-0.114%,0.00,United States,,1829,Technology,Diversified Commercial Services
MITK,Mitek Systems Inc. Common Stock,$22.11,2.60,13.326%,971089573.00,United States,,2226930,Technology,Computer Software: Prepackaged Software
MIXT,MiX Telematics Limited American Depositary Shares each representing 25 Ordinary Shares,$13.36,-0.42,-3.048%,295129374.00,South Africa,2013,9407,Technology,Computer Software: Prepackaged Software
MKTW,MarketWise Inc. Class A Common Stock,$14.07,0.28,2.03%,394003561.00,United States,,974101,Technology,Computer Software: Prepackaged Software
MMAT,Meta Materials Inc. Common Stock,$3.50,-0.04,-1.13%,977789127.00,United States,,7079287,Technology,Semiconductors
MNDO,MIND C.T.I. Ltd. Ordinary Shares,$3.31,-0.01,-0.301%,66153084.00,Israel,,26835,Technology,EDP Services
MNTV,Momentive Global Inc. Common Stock,$21.00,-0.05,-0.238%,3058470261.00,United States,2018,498119,Technology,EDP Services
MNTX,Manitex International Inc. Common Stock,$8.00,0.00,0.00%,159206320.00,United States,,2038,Technology,Industrial Machinery/Components
MODN,Model N Inc. Common Stock,$32.37,-0.27,-0.827%,1151307739.00,United States,2013,139215,Technology,Computer Software: Prepackaged Software
MOMO,Momo Inc. American Depositary Shares,$12.39,-0.28,-2.21%,2553954008.00,China,2014,1886951,Technology,Computer Software: Prepackaged Software
MORN,Morningstar Inc. Common Stock,$252.63,1.06,0.421%,10849443938.00,United States,2005,46303,Technology,Advertising
MOSY,MoSys Inc. Common Stock,$4.85,-0.02,-0.411%,41819038.00,United States,2001,568110,Technology,Semiconductors
MOXC,Moxian Inc. Common Stock,$17.84,0.84,4.941%,288856877.00,China,,4840745,Technology,Computer Software: Programming Data Processing
MPWR,Monolithic Power Systems Inc. Common Stock,$449.26,9.20,2.091%,20628671420.00,United States,2004,462237,Technology,Semiconductors
MRAM,Everspin Technologies Inc. Common Stock,$5.76,0.05,0.876%,111012025.00,United States,2016,30844,Technology,Semiconductors
MRIN,Marin Software Incorporated Common Stock,$8.28,1.82,28.173%,110888476.00,United States,,57979059,Technology,Computer Software: Prepackaged Software
MRVL,Marvell Technology Inc. Common Stock,$60.51,0.20,0.332%,49587945000.00,Bermuda,2000,4456099,Technology,Semiconductors
MSFT,Microsoft Corporation Common Stock,$284.91,-1.59,-0.555%,2142238290000.00,United States,1986,20939539,Technology,Computer Software: Prepackaged Software
MSGM,Motorsport Games Inc. Class A Common Stock,$11.57,-0.57,-4.695%,134627328.00,United States,2021,10202,Technology,Computer Software: Prepackaged Software
MSI,Motorola Solutions Inc. Common Stock,$223.92,0.14,0.063%,37991988025.00,United States,,656131,Technology,Radio And Television Broadcasting And Communications Equipment
MSP,Datto Holding Corp. Common Stock,$26.09,-0.22,-0.836%,4207683613.00,United States,2020,199975,Technology,Computer Software: Prepackaged Software
MSTR,MicroStrategy Incorporated Common Stock Class A,$626.01,1.00,0.16%,6101464684.00,United States,1998,619197,Technology,Computer Software: Prepackaged Software
MTC,MMTec Inc. Common Shares,$1.71,-0.01,-0.581%,34319700.00,China,2019,84467,Technology,Computer Software: Prepackaged Software
MTLS,Materialise NV American Depositary Shares,$21.77,0.33,1.539%,1266374114.00,Belgium,2014,241249,Technology,Computer Software: Prepackaged Software
MTSI,MACOM Technology Solutions Holdings Inc. Common Stock,$61.72,1.46,2.423%,4238273887.00,United States,2012,509292,Technology,Semiconductors
MU,Micron Technology Inc. Common Stock,$77.58,0.50,0.649%,87335961185.00,United States,,12524784,Technology,Semiconductors
MX,Magnachip Semiconductor Corporation Common Stock,$20.78,0.22,1.07%,958596486.00,Luxembourg,2011,481768,Technology,Semiconductors
MXIM,Maxim Integrated Products Inc. Common Stock,$99.91,0.45,0.452%,26812212671.00,United States,1988,1416541,Technology,Semiconductors
MXL,MaxLinear Inc. Common Stock,$48.23,0.08,0.166%,3688126155.00,United States,2010,729946,Technology,Semiconductors
MYSZ,My Size Inc. Common Stock,$1.27,-0.02,-1.55%,19098675.00,Israel,,72990,Technology,Retail: Computer Software & Peripheral Equipment
NATI,National Instruments Corporation Common Stock,$44.11,1.99,4.725%,5805186358.00,United States,1995,988510,Technology,Computer Software: Prepackaged Software
NCMI,National CineMedia Inc. Common Stock,$3.48,-0.12,-3.333%,281306374.00,United States,2007,467370,Technology,Advertising
NCNO,nCino Inc. Common Stock,$63.57,-0.44,-0.687%,6066782226.00,United States,2020,445801,Technology,Computer Software: Prepackaged Software
NCTY,The9 Limited American Depository Shares,$11.21,-0.16,-1.407%,181977445.00,China,2004,1312511,Technology,Computer Software: Prepackaged Software
NET,Cloudflare Inc. Class A Common Stock,$118.63,-1.76,-1.462%,36849563329.00,United States,2019,2545715,Technology,EDP Services
NETE,Net Element Inc. Common Stock,$12.15,0.00,0.00%,65797061.00,United States,,50726,Technology,EDP Services
NEWR,New Relic Inc. Common Stock,$69.08,-1.29,-1.833%,4469272905.00,United States,2014,293789,Technology,Computer Software: Prepackaged Software
NICE,NICE Ltd American Depositary Shares,$278.65,-3.14,-1.114%,17588789535.00,Israel,,249703,Technology,Computer Software: Prepackaged Software
NLOK,NortonLifeLock Inc. Common Stock,$24.82,0.20,0.812%,14427082855.00,United States,,4598712,Technology,Computer Software: Prepackaged Software
NNDM,Nano Dimension Ltd. American Depositary Shares,$6.33,-0.10,-1.555%,1623577161.00,Israel,,3995161,Technology,Electrical Products
NOK,Nokia Corporation Sponsored American Depositary Shares,$6.08,0.03,0.496%,34226332480.00,Finland,1994,33557408,Technology,Radio And Television Broadcasting And Communications Equipment
NOW,ServiceNow Inc. Common Stock,$587.89,1.46,0.249%,116461009000.00,United States,2012,1566024,Technology,Computer Software: Prepackaged Software
NPTN,NeoPhotonics Corporation Common Stock,$9.70,0.35,3.743%,497898371.00,United States,2011,510474,Technology,Semiconductors
NSIT,Insight Enterprises Inc. Common Stock,$100.38,0.10,0.10%,3545532219.00,United States,1995,120047,Technology,EDP Services
NSP,Insperity Inc. Common Stock,$99.05,0.73,0.742%,3830757859.00,United States,,174141,Technology,Professional Services
NTAP,NetApp Inc. Common Stock,$79.59,0.58,0.734%,17765872388.00,United States,1995,1160974,Technology,Electronic Components
NTCT,NetScout Systems Inc. Common Stock,$28.76,-0.31,-1.066%,2130662369.00,United States,1999,241706,Technology,EDP Services
NTNX,Nutanix Inc. Class A Common Stock,$36.02,-0.41,-1.125%,7620560746.00,United States,2016,839716,Technology,EDP Services
NTWK,NetSol Technologies Inc. Common  Stock,$4.65,0.26,5.923%,52576062.00,United States,,12349,Technology,Computer Software: Prepackaged Software
NUAN,Nuance Communications Inc. Common Stock,$54.90,-0.04,-0.073%,16919885132.00,United States,,2345883,Technology,Computer Software: Prepackaged Software
NVDA,NVIDIA Corporation Common Stock,$194.99,-1.63,-0.829%,485915080000.00,United States,1999,18315625,Technology,Semiconductors
NVEC,NVE Corporation Common Stock,$75.07,-2.42,-3.123%,362830726.00,United States,,16835,Technology,Semiconductors
NXPI,NXP Semiconductors N.V. Common Stock,$206.39,2.12,1.038%,56911387625.00,Netherlands,2010,1635511,Technology,Semiconductors
OBLG,Oblong Inc. Common Stock,$2.60,-0.07,-2.622%,79601725.00,United States,,56223,Technology,Computer Software: Prepackaged Software
OCFT,OneConnect Financial Technology Co. Ltd. American Depositary Shares each representing three ordinary shares,$7.93,-0.19,-2.34%,3092648875.00,China,2019,730052,Technology,Computer Software: Programming Data Processing
OIIM,O2Micro International Limited American Depositary Shares,$7.77,0.67,9.437%,219673821.00,Cayman Islands,,437993,Technology,Semiconductors
OKTA,Okta Inc. Class A Common Stock,$247.79,-0.39,-0.157%,37924101162.00,United States,2017,904845,Technology,EDP Services
OLB,The OLB Group Inc. Common Stock,$5.46,-0.15,-2.674%,38846666.00,United States,,70932,Technology,EDP Services
OLED,Universal Display Corporation Common Stock,$234.49,2.43,1.047%,11053785205.00,United States,,257230,Technology,Semiconductors
OLO,Olo Inc. Class A Common Stock,$35.07,0.84,2.454%,5173296095.00,,2021,175717,Technology,Computer Software: Prepackaged Software
OMC,Omnicom Group Inc. Common Stock,$72.82,-0.41,-0.56%,15613169369.00,United States,,1915099,Technology,Advertising
ON,ON Semiconductor Corporation Common Stock,$39.06,0.45,1.166%,16678936386.00,United States,,7524334,Technology,Semiconductors
ONEM,1Life Healthcare Inc. Common Stock,$27.04,0.03,0.111%,3725853471.00,United States,2020,551183,Technology,Computer Software: Prepackaged Software
ONTF,ON24 Inc. Common Stock,$36.52,-1.24,-3.284%,1693349536.00,,2021,174327,Technology,Computer Software: Prepackaged Software
ONTO,Onto Innovation Inc. Common Stock,$70.08,1.90,2.787%,3436698882.00,United States,,248362,Technology,Semiconductors
OPRA,Opera Limited American Depositary Shares,$9.66,-0.23,-2.326%,1112309066.00,Norway,2018,102606,Technology,Computer Software: Prepackaged Software
ORCL,Oracle Corporation Common Stock,$87.14,-0.49,-0.559%,243294880000.00,United States,1986,7962258,Technology,Computer Software: Prepackaged Software
OSPN,OneSpan Inc. Common Stock,$24.67,-0.46,-1.83%,993339178.00,United States,,124137,Technology,EDP Services
OSS,One Stop Systems Inc. Common Stock,$5.99,0.70,13.233%,110877386.00,United States,2018,346596,Technology,Computer Manufacturing
OTEX,Open Text Corporation Common Shares,$51.91,0.01,0.019%,14181687624.00,Canada,1996,349073,Technology,EDP Services
PACE,TPG Pace Tech Opportunities Corp. Class A Ordinary Shares,$9.97,0.03,0.302%,560812500.00,United States,2020,126797,Technology,Computer Software: Prepackaged Software
PAGS,PagSeguro Digital Ltd. Class A Common Shares,$55.44,-1.20,-2.119%,18240058766.00,Cayman Islands,2018,936694,Technology,EDP Services
PANW,Palo Alto Networks Inc. Common Stock,$399.05,0.05,0.013%,38863829866.00,United States,2012,729698,Technology,EDP Services
PAR,PAR Technology Corporation Common Stock,$61.05,-1.71,-2.725%,1579841216.00,United States,,156009,Technology,Computer Software: Prepackaged Software
PATH,UiPath Inc. Class A Common Stock,$62.56,-0.49,-0.777%,31832465608.00,,2021,1860344,Technology,Computer Software: Prepackaged Software
PAY,Paymentus Holdings Inc. Class A Common Stock,$29.00,0.24,0.834%,3403445481.00,,2021,73455,Technology,Retail: Computer Software & Peripheral Equipment
PAYA,Paya Holdings Inc. Class A Common Stock,$11.49,-0.16,-1.373%,1455754183.00,United States,,593374,Technology,Computer Software: Prepackaged Software
PAYAW,Paya Holdings Inc. Warrant,$2.96,-0.14,-4.516%,0.00,United States,,38249,Technology,Computer Software: Prepackaged Software
PAYC,Paycom Software Inc. Common Stock,$400.00,-0.02,-0.005%,24073308800.00,,2014,343368,Technology,Computer Software: Prepackaged Software
PBTS,Powerbridge Technologies Co. Ltd. Ordinary Shares,$1.30,0.04,3.175%,11959405.00,China,2019,592444,Technology,EDP Services
PCOR,Procore Technologies Inc. Common Stock,$103.28,1.47,1.444%,13233759459.00,,2021,187579,Technology,EDP Services
PCTI,PCTEL Inc. Common Stock,$6.65,0.10,1.527%,123468555.00,United States,1999,35694,Technology,Radio And Television Broadcasting And Communications Equipment
PCTY,Paylocity Holding Corporation Common Stock,$207.46,2.45,1.195%,11302280142.00,United States,2014,119391,Technology,Computer Software: Prepackaged Software
PCYG,Park City Group Inc. Common Stock,$5.61,0.07,1.264%,109168008.00,United States,,35363,Technology,EDP Services
PD,PagerDuty Inc. Common Stock,$40.59,-0.47,-1.145%,3395022935.00,,2019,729181,Technology,Retail: Computer Software & Peripheral Equipment
PDFS,PDF Solutions Inc. Common Stock,$18.71,0.10,0.537%,690956109.00,United States,2001,71439,Technology,EDP Services
PEGA,Pegasystems Inc. Common Stock,$127.64,0.29,0.228%,10397001974.00,United States,1996,396476,Technology,EDP Services
PERI,Perion Network Ltd. Ordinary Shares,$19.02,-0.26,-1.349%,643856937.00,Israel,,344325,Technology,EDP Services
PFPT,Proofpoint Inc. Common Stock,$174.66,0.03,0.017%,10065271723.00,United States,2012,618373,Technology,EDP Services
PHUN,Phunware Inc. Common Stock,$1.10,0.01,0.917%,78829226.00,Greece,2016,812398,Technology,EDP Services
PHUNW,Phunware Inc. Warrants,$0.1853,-0.0447,-19.435%,0.00,Greece,2016,1531,Technology,EDP Services
PING,Ping Identity Holding Corp. Common Stock,$22.07,-0.46,-2.042%,1811652697.00,United States,2019,480192,Technology,EDP Services
PIXY,ShiftPixy Inc. Common Stock,$1.82,0.02,1.111%,47070840.00,United States,2017,682437,Technology,Diversified Commercial Services
PLAB,Photronics Inc. Common Stock,$13.37,-0.06,-0.447%,828659230.00,United States,1987,244016,Technology,Semiconductors
PLAN,Anaplan Inc. Common Stock,$57.20,0.08,0.14%,8278670915.00,United States,2018,752872,Technology,Computer Software: Prepackaged Software
PLTK,Playtika Holding Corp. Common Stock,$22.23,-0.29,-1.288%,9105501766.00,Israel,2021,808322,Technology,EDP Services
PLTR,Palantir Technologies Inc. Class A Common Stock,$21.71,-0.47,-2.119%,40816474036.00,,2020,15821031,Technology,Computer Software: Prepackaged Software
PLUS,ePlus inc. Common Stock,$92.46,1.06,1.16%,1249150965.00,United States,1996,43991,Technology,Retail: Computer Software & Peripheral Equipment
PLXS,Plexus Corp. Common Stock,$90.32,0.69,0.77%,2563010640.00,United States,,101932,Technology,Electrical Products
POWI,Power Integrations Inc. Common Stock,$96.99,11.98,14.092%,5882946587.00,United States,1997,1273683,Technology,Semiconductors
PRAA,PRA Group Inc. Common Stock,$38.79,-0.06,-0.154%,1776576375.00,United States,2002,277252,Technology,Advertising
PRCH,Porch Group Inc. Common Stock,$18.53,-0.10,-0.537%,1785103541.00,United States,2020,386487,Technology,Computer Software: Prepackaged Software
PRFT,Perficient Inc. Common Stock,$94.29,-0.22,-0.233%,3115983432.00,United States,1999,578687,Technology,EDP Services
PRG,PROG Holdings Inc. Common Stock,$43.77,-0.61,-1.374%,2964074111.00,United States,,539218,Technology,Diversified Commercial Services
PRGS,Progress Software Corporation Common Stock (DE),$45.59,0.19,0.419%,1994778916.00,United States,1991,695352,Technology,Computer Software: Prepackaged Software
PRO,PROS Holdings Inc. Common Stock,$43.42,-0.70,-1.587%,1921459008.00,United States,2007,176620,Technology,EDP Services
PRTH,Priority Technology Holdings Inc. Common Stock,$6.12,-0.40,-6.135%,414029616.00,United States,2016,19975,Technology,EDP Services
PRVA,Privia Health Group Inc. Common Stock,$41.50,-1.31,-3.06%,4387683697.00,United States,2021,167850,Technology,Retail: Computer Software & Peripheral Equipment
PSN,Parsons Corporation Common Stock,$38.62,-0.44,-1.126%,3955020441.00,,2019,274778,Technology,EDP Services
PSTG,Pure Storage Inc. Class A Common Stock,$19.52,-0.19,-0.964%,5529135765.00,,2015,4070618,Technology,Electronic Components
PT,Pintec Technology Holdings Limited American Depositary Shares,$0.92,-0.005,-0.541%,39869019.00,China,2018,139795,Technology,Computer Software: Programming Data Processing
PTC,PTC Inc. Common Stock,$135.45,2.42,1.819%,15827983473.00,United States,,1028047,Technology,Computer Software: Prepackaged Software
PUBM,PubMatic Inc. Class A Common Stock,$29.71,-1.72,-5.472%,1420925434.00,United States,2020,1663849,Technology,Computer Software: Prepackaged Software
PXLW,Pixelworks Inc.  Common Stock,$3.01,0.01,0.333%,157159387.00,United States,2000,204513,Technology,Semiconductors
QADA,QAD Inc. Class A Common Stock,$86.75,-0.06,-0.069%,1822339119.00,United States,,143294,Technology,Computer Software: Prepackaged Software
QADB,QAD Inc. Class B Common Stock,$86.05,-0.10,-0.116%,1807634366.00,United States,,2471,Technology,Computer Software: Prepackaged Software
QCOM,QUALCOMM Incorporated Common Stock,$149.80,-1.19,-0.788%,168974400000.00,United States,1991,8401514,Technology,Radio And Television Broadcasting And Communications Equipment
QD,Qudian Inc. American Depositary Shares each representing one Class A Ordinary Share,$1.81,-0.04,-2.162%,458089638.00,China,2017,865844,Technology,Computer Software: Prepackaged Software
QLYS,Qualys Inc. Common Stock,$101.56,-0.84,-0.82%,3975250044.00,United States,2012,163177,Technology,EDP Services
QMCO,Quantum Corporation Common Stock,$6.20,0.00,0.00%,360688038.00,United States,,234030,Technology,Electronic Components
QNST,QuinStreet Inc. Common Stock,$18.34,-0.05,-0.272%,983381098.00,United States,2010,123445,Technology,Advertising
QRHC,Quest Resource Holding Corporation Common Stock,$5.92,-0.48,-7.50%,110825277.00,United States,,174019,Technology,Diversified Commercial Services
QTT,Qutoutiao Inc. American Depositary Shares,$1.64,0.04,2.50%,471486473.00,China,2018,819547,Technology,Computer Software: Prepackaged Software
QTWO,Q2 Holdings Inc. Common Stock,$103.31,-1.15,-1.101%,5816901576.00,,2014,202949,Technology,EDP Services
QUBT,Quantum Computing Inc. Common Stock,$9.34,0.16,1.743%,269512257.00,United States,,128959,Technology,Computer Software: Prepackaged Software
QUIK,QuickLogic Corporation Common Stock,$5.30,-0.30,-5.357%,60686511.00,United States,1999,206910,Technology,Semiconductors
QUMU,Qumu Corporation Common Stock,$2.42,-0.01,-0.412%,42572091.00,United States,,341156,Technology,Computer Software: Prepackaged Software
QUOT,Quotient Technology Inc. Common Stock,$10.86,-0.09,-0.822%,1013915990.00,,2014,593024,Technology,Advertising
RAAS,Cloopen Group Holding Limited American Depositary Shares each representing two Class A Ordinary Shares,$4.85,0.00,0.00%,797195344.00,,2021,567520,Technology,Computer Software: Prepackaged Software
RAMP,LiveRamp Holdings Inc. Common Stock,$40.01,-0.31,-0.769%,2742848941.00,United States,2018,333289,Technology,EDP Services
RBBN,Ribbon Communications Inc. Common Stock,$6.91,-0.15,-2.125%,1018309211.00,United States,,293601,Technology,EDP Services
RBCN,Rubicon Technology Inc. Common Stock,$9.40,-0.0962,-1.013%,22949583.00,United States,2007,3703,Technology,Semiconductors
RBLX,Roblox Corporation Class A Common Stock,$76.98,0.13,0.169%,43865626022.00,,2021,3256945,Technology,EDP Services
RCAT,Red Cat Holdings Inc. Common Stock,$3.15,0.03,0.962%,150270917.00,United States,,526401,Technology,Computer Software: Prepackaged Software
RCII,Rent-A-Center Inc. Common Stock,$57.22,-0.49,-0.849%,3794220893.00,United States,1995,336503,Technology,Diversified Commercial Services
RCRT,Recruiter.com Group Inc. Common Stock,$4.41,0.00,0.00%,61660082.00,United States,,68750,Technology,Industrial Machinery/Components
RCRTW,Recruiter.com Group Inc. Warrant,$1.50,-0.03,-1.961%,0.00,United States,,407,Technology,Industrial Machinery/Components
RDCM,Radcom Ltd. Ordinary Shares,$11.00,0.05,0.457%,153380216.00,Israel,1997,2046,Technology,Computer peripheral equipment
RDVT,Red Violet Inc. Common Stock ,$24.14,-0.61,-2.465%,295515893.00,United States,,5269,Technology,Computer Software: Prepackaged Software
RDWR,Radware Ltd. Ordinary Shares,$32.23,0.04,0.124%,1467591116.00,Israel,1999,143838,Technology,EDP Services
REKR,Rekor Systems Inc. Common Stock,$7.88,0.02,0.254%,323036739.00,United States,,382193,Technology,EDP Services
RELL,Richardson Electronics Ltd. Common Stock,$7.76,-0.25,-3.121%,102491395.00,United States,1983,39776,Technology,Electronic Components
RENN,Renren Inc. American Depositary Shares each representing fifteen Class A ordinary shares,$10.87,-0.10,-0.912%,261090400.00,China,2011,34422,Technology,EDP Services
RESN,Resonant Inc. Common Stock,$3.05,0.01,0.329%,184290525.00,United States,2014,1174119,Technology,Semiconductors
RHI,Robert Half International Inc. Common Stock,$98.21,0.86,0.883%,11076181940.00,United States,,1056816,Technology,Diversified Commercial Services
RIOT,Riot Blockchain Inc.  Common Stock ,$32.95,1.05,3.292%,3161378919.00,United States,,5323745,Technology,Retail: Computer Software & Peripheral Equipment
RMBS,Rambus Inc. Common Stock,$23.66,0.14,0.595%,2661874310.00,United States,1997,457319,Technology,Semiconductors
RMNI,Rimini Street Inc. (DE) Common Stock,$8.69,0.10,1.164%,740961540.00,United States,2015,465061,Technology,EDP Services
RNG,RingCentral Inc. Class A Common Stock,$267.27,3.24,1.227%,24287629383.00,,2013,616954,Technology,EDP Services
RNWK,RealNetworks Inc. Common Stock,$1.83,-0.14,-7.107%,85840547.00,United States,1997,291647,Technology,EDP Services
ROL,Rollins Inc. Common Stock,$38.33,0.50,1.322%,18863094368.00,United States,,1203386,Technology,Industrial Specialties
RPD,Rapid7 Inc. Common Stock,$113.75,-2.66,-2.285%,6271033178.00,United States,2015,598248,Technology,Computer Software: Prepackaged Software
RSSS,Research Solutions Inc Common Stock,$2.71,-0.08,-2.867%,71413942.00,United States,,60608,Technology,Retail: Computer Software & Peripheral Equipment
RXT,Rackspace Technology Inc. Common Stock,$17.75,-0.45,-2.473%,3686822165.00,United States,2020,561988,Technology,EDP Services
SABR,Sabre Corporation Common Stock,$11.79,-0.22,-1.832%,3766474653.00,United States,2014,4448178,Technology,Computer Software: Programming Data Processing
SABRP,Sabre Corporation 6.50% Series A Mandatory Convertible Preferred Stock,$152.56,0.23,0.151%,,United States,,41711,Technology,EDP Services
SAIC,SCIENCE APPLICATIONS INTERNATIONAL CORPORATION Common Stock,$87.30,-0.86,-0.975%,5059837112.00,,,243489,Technology,EDP Services
SAIL,SailPoint Technologies Holdings Inc. Common Stock,$49.99,-0.24,-0.478%,4597115893.00,United States,2017,449106,Technology,Computer Software: Prepackaged Software
SANM,Sanmina Corporation Common Stock,$38.42,0.37,0.972%,2500977870.00,United States,1993,238713,Technology,Electrical Products
SAP,SAP  SE ADS,$143.72,-0.62,-0.43%,169529142745.00,Germany,,709431,Technology,EDP Services
SATS,EchoStar  Corporation Common Stock,$22.30,0.06,0.27%,2011514011.00,United States,,335673,Technology,Radio And Television Broadcasting And Communications Equipment
SCKT,Socket Mobile Inc. Common Stock,$6.64,0.22,3.427%,47332470.00,United States,,364780,Technology,Computer Manufacturing
SCPL,SciPlay Corporation Class A Common Stock,$16.09,0.05,0.312%,392334714.00,United States,2019,187776,Technology,EDP Services
SCSC,ScanSource Inc. Common Stock,$27.59,0.29,1.062%,702617010.00,United States,,158057,Technology,Retail: Computer Software & Peripheral Equipment
SCWX,SecureWorks Corp. Class A Common Stock,$20.06,-0.78,-3.743%,1683809058.00,United States,2016,65667,Technology,EDP Services
SDGR,Schrodinger Inc. Common Stock,$67.67,-0.66,-0.966%,4771082147.00,United States,2020,478153,Technology,Computer Software: Prepackaged Software
SE,Sea Limited American Depositary Shares each representing one Class A Ordinary Share,$276.16,-8.85,-3.105%,144827555912.00,United States,2017,2288502,Technology,Computer Software: Prepackaged Software
SEAC,SeaChange International Inc. Common Stock,$1.11,0.03,2.778%,53730304.00,United States,1996,163496,Technology,Radio And Television Broadcasting And Communications Equipment
SEDG,SolarEdge Technologies Inc. Common Stock,$259.48,-1.65,-0.632%,13486783079.00,Israel,2015,551548,Technology,Semiconductors
SEMR,SEMrush Holdings Inc. Class A Common Stock,$19.99,-0.10,-0.498%,2711148148.00,,2021,43334,Technology,EDP Services
SFET,Safe-T Group Ltd. American Depositary Share,$1.18,0.01,0.855%,30821457.00,Israel,2018,137815,Technology,Computer Software: Prepackaged Software
SFUN,Fang Holdings Limited American Depositary Shares (Each representing Four Class A Ordinary Shares HK$1.00 par value),$9.70,0.06,0.622%,87350605.00,China,2010,4605,Technology,EDP Services
SGFY,Signify Health Inc. Class A Common Stock,$26.32,0.58,2.253%,4421842513.00,,2021,224393,Technology,Retail: Computer Software & Peripheral Equipment
SGH,SMART Global Holdings Inc. Ordinary Shares,$46.84,0.51,1.101%,1136371844.00,United States,2017,334739,Technology,Semiconductors
SGLB,Sigma Labs Inc. Common Stock,$3.37,-0.39,-10.372%,19647100.00,United States,,1014404,Technology,EDP Services
SGLBW,Sigma Labs Inc. Warrant,$0.3115,-0.0894,-22.30%,0.00,United States,,7487,Technology,EDP Services
SGMA,SigmaTron International Inc. Common Stock,$6.06,-0.16,-2.572%,25964118.00,United States,1994,50657,Technology,Electrical Products
SGOC,SGOCO Group Ltd Ordinary Shares (Cayman Islands),$8.80,0.04,0.457%,894062382.00,China,2010,2110962,Technology,Radio And Television Broadcasting And Communications Equipment
SHLS,Shoals Technologies Group Inc. Class A Common Stock,$29.09,0.57,1.999%,4846748054.00,United States,2021,935111,Technology,Semiconductors
SHSP,SharpSpring Inc. Common Stock,$16.99,0.17,1.011%,218697336.00,United States,,259338,Technology,Computer Software: Prepackaged Software
SILC,Silicom Ltd Ordinary Shares,$44.89,-0.11,-0.244%,308916326.00,Israel,,20801,Technology,Computer Manufacturing
SIMO,Silicon Motion Technology Corporation American Depositary Shares,$74.99,10.69,16.625%,2619037973.00,Taiwan,2005,2198461,Technology,Semiconductors
SITM,SiTime Corporation Common Stock,$135.64,3.78,2.867%,2555422062.00,United States,2019,95826,Technology,Semiconductors
SJ,Scienjoy Holding Corporation Ordinary Shares,$5.70,0.07,1.243%,175358454.00,China,2019,11586,Technology,EDP Services
SKIL,Skillsoft Corp. Class A Common Stock,$8.70,-0.02,-0.229%,1157613483.00,,2019,255388,Technology,Computer Software: Prepackaged Software
SKLZ,Skillz Inc. Class A Common Stock,$14.08,0.16,1.149%,5644514698.00,,2020,11661819,Technology,EDP Services
SKYT,SkyWater Technology Inc. Common Stock,$17.26,0.31,1.829%,674171164.00,United States,2021,243720,Technology,Semiconductors
SLAB,Silicon Laboratories Inc. Common Stock,$148.99,4.54,3.143%,6669401322.00,United States,2000,316046,Technology,Semiconductors
SLP,Simulations Plus Inc. Common Stock,$47.19,0.11,0.234%,950071834.00,United States,,101198,Technology,EDP Services
SMAR,Smartsheet Inc. Class A Common Stock,$72.55,-0.78,-1.064%,9076872771.00,United States,2018,655520,Technology,EDP Services
SMCI,Super Micro Computer Inc. Common Stock,$38.04,0.69,1.847%,1899502179.00,United States,2020,186779,Technology,Computer Manufacturing
SMSI,Smith Micro Software Inc. Common Stock,$5.66,0.02,0.355%,302754085.00,United States,1995,298530,Technology,Computer Software: Prepackaged Software
SMTC,Semtech Corporation Common Stock,$61.91,0.37,0.601%,4019589152.00,United States,,249112,Technology,Semiconductors
SNAP,Snap Inc. Class A Common Stock,$74.42,-0.50,-0.667%,117665875403.00,United States,2017,16157120,Technology,Internet and Information Services
SNCR,Synchronoss Technologies Inc. Common Stock,$2.84,-0.04,-1.389%,245542569.00,United States,2018,1080313,Technology,EDP Services
SNOW,Snowflake Inc. Class A Common Stock,$265.72,-2.54,-0.947%,78679692000.00,United States,2020,1764641,Technology,Computer Software: Prepackaged Software
SNPS,Synopsys Inc. Common Stock,$287.99,2.46,0.862%,43940046603.00,United States,1992,523033,Technology,EDP Services
SNX,Synnex Corporation Common Stock,$119.54,0.06,0.05%,6208256705.00,United States,2003,148048,Technology,EDP Services
SOGO,Sogou Inc. American Depositary Shares each representing one Class A Ordinary Share,$8.83,0.01,0.113%,3422427788.00,United States,2017,268448,Technology,EDP Services
SOHU,Sohu.com Limited American Depositary Shares,$19.87,-0.16,-0.799%,781016638.00,China,,196035,Technology,EDP Services
SOL,Renesola Ltd. American Depsitary Shares (Each representing 10 shares),$7.49,0.10,1.353%,522415568.00,China,2008,506272,Technology,Semiconductors
SPCB,SuperCom Ltd. Ordinary Shares (Israel),$1.24,0.03,2.479%,20194571.00,Israel,,99577,Technology,Semiconductors
SPGI,S&P Global Inc. Common Stock,$428.72,5.15,1.216%,103278648000.00,United States,,1571963,Technology,Advertising
SPI,SPI Energy Co. Ltd. Ordinary Shares,$5.45,-0.07,-1.268%,130053699.00,China,,134253,Technology,Semiconductors
SPLK,Splunk Inc. Common Stock,$141.98,0.10,0.07%,23272988903.00,United States,2012,1217833,Technology,Computer Software: Prepackaged Software
SPNS,Sapiens International Corporation N.V. Common Shares (Cayman Islands),$25.21,0.27,1.083%,1266278510.00,Curacao,1992,72871,Technology,Computer Software: Prepackaged Software
SPRT,Support.com Inc. Common Stock,$8.02,0.19,2.427%,194320269.00,United States,2000,4734441,Technology,EDP Services
SPSC,SPS Commerce Inc. Common Stock,$108.95,8.58,8.548%,3907296730.00,United States,2010,212336,Technology,EDP Services
SPT,Sprout Social Inc Class A Common Stock,$88.84,-2.44,-2.673%,4761128116.00,United States,2019,302224,Technology,EDP Services
SPWR,SunPower Corporation Common Stock,$24.77,0.14,0.568%,4273348836.00,United States,2005,1813746,Technology,Semiconductors
SQ,Square Inc. Class A Common Stock,$247.26,-8.02,-3.142%,112594452646.00,United States,2015,7547525,Technology,Computer Software: Prepackaged Software
SQNS,Sequans Communications S.A. American Depositary Shares,$5.36,0.04,0.752%,189156271.00,France,2011,97806,Technology,Semiconductors
SQSP,Squarespace Inc. Class A Common Stock,$50.63,-2.23,-4.219%,6889593395.00,,2021,374327,Technology,EDP Services
SRAX,SRAX Inc. Class A Common Stock,$4.25,0.07,1.675%,98541626.00,United States,,147968,Technology,Advertising
SREV,ServiceSource International Inc. Common Stock,$1.52,-0.02,-1.299%,148771131.00,United States,2011,142823,Technology,Retail: Computer Software & Peripheral Equipment
SSNC,SS&C Technologies Holdings Inc. Common Stock,$78.39,-0.50,-0.634%,20050013095.00,United States,2010,880002,Technology,EDP Services
SSNT,SilverSun Technologies Inc. Common Stock,$9.00,-0.29,-3.122%,40511439.00,United States,,40602,Technology,Computer Software: Prepackaged Software
SSTI,ShotSpotter Inc. Common Stock,$45.70,-0.28,-0.609%,533580450.00,United States,2017,11297,Technology,Computer Software: Prepackaged Software
SSYS,Stratasys Ltd. Ordinary Shares (Israel),$19.74,-0.38,-1.889%,1287403320.00,United States,1994,595827,Technology,Computer peripheral equipment
STAF,Staffing 360 Solutions Inc. Common Stock (DE),$2.82,-0.02,-0.704%,28290440.00,United States,,358915,Technology,Professional Services
STEM,Stem Inc. Class A Common Stock,$27.11,-0.24,-0.878%,3409204766.00,United States,2020,1087604,Technology,Computer Software: Prepackaged Software
STM,STMicroelectronics N.V. Common Stock,$41.27,-0.44,-1.055%,37244568813.00,Switzerland,,2361379,Technology,Semiconductors
STMP,Stamps.com Inc.  Common Stock ($0.001 Par Value),$326.76,0.24,0.074%,5961959377.00,United States,1999,370461,Technology,EDP Services
STNE,StoneCo Ltd. Class A Common Shares,$58.84,-0.16,-0.271%,18206059328.00,Brazil,2018,3049153,Technology,EDP Services
STRM,Streamline Health Solutions Inc. Common Stock,$1.62,-0.01,-0.613%,68639706.00,United States,,189050,Technology,EDP Services
STX,Seagate Technology Holdings PLC Ordinary Shares (Ireland),$87.90,0.70,0.803%,19953300000.00,Ireland,2002,3083475,Technology,Electronic Components
SUMO,Sumo Logic Inc. Common Stock,$20.65,-0.45,-2.133%,2230170347.00,United States,2020,1131826,Technology,Retail: Computer Software & Peripheral Equipment
SUNW,Sunworks Inc. Common Stock,$8.64,-0.04,-0.461%,143674491.00,United States,,987729,Technology,Semiconductors
SWCH,Switch Inc. Class A Common Stock,$20.66,0.23,1.126%,4990744428.00,,2017,2111749,Technology,Computer Software: Programming Data Processing
SWI,SolarWinds Corporation Common Stock,$11.24,-0.19,-1.662%,3554606389.00,United States,2018,1481987,Technology,Computer Software: Prepackaged Software
SWKS,Skyworks Solutions Inc. Common Stock,$184.51,-12.16,-6.183%,30461223079.00,United States,,7402028,Technology,Semiconductors
SY,So-Young International Inc. American Depository Shares,$7.16,0.05,0.703%,767622855.00,China,2019,186867,Technology,Computer Software: Prepackaged Software
SYKE,Sykes Enterprises Incorporated Common Stock,$53.66,0.09,0.168%,2135454272.00,United States,1996,282720,Technology,EDP Services
SYNA,Synaptics Incorporated Common Stock $0.001 Par Value,$151.92,2.68,1.796%,5347878725.00,United States,2002,366274,Technology,Computer peripheral equipment
TACT,TransAct Technologies Incorporated Common Stock,$16.65,0.37,2.273%,149276258.00,United States,1996,22000,Technology,Computer peripheral equipment
TAIT,Taitron Components Incorporated Class A Common Stock,$4.52,-0.175,-3.727%,26328308.00,United States,1995,6723,Technology,Electronic Components
TAOP,Taoping Inc. Ordinary Shares ,$3.46,0.24,7.453%,47216406.00,China,,23956018,Technology,Computer Software: Prepackaged Software
TBI,TrueBlue Inc. Common Stock,$27.19,-0.92,-3.273%,965339404.00,United States,,152143,Technology,Professional Services
TCX,Tucows Inc. Class A Common Stock,$77.76,-0.89,-1.132%,826154510.00,Canada,,11634,Technology,EDP Services
TDC,Teradata Corporation Common Stock,$49.66,-0.27,-0.541%,5442736000.00,United States,,472996,Technology,EDP Services
TEAM,Atlassian Corporation Plc Class A Ordinary Shares,$325.12,58.33,21.864%,81300082662.00,United Kingdom,2015,6132680,Technology,Computer Software: Prepackaged Software
TENB,Tenable Holdings Inc. Common Stock,$42.80,-1.07,-2.439%,4558628000.00,United States,2018,1137628,Technology,EDP Services
TESS,TESSCO Technologies Incorporated Common Stock,$6.01,0.01,0.167%,53405046.00,United States,1994,25935,Technology,Electronic Components
TGH,Textainer Group Holdings Limited Common Shares,$32.28,0.15,0.467%,1616999167.00,Bermuda,2007,293667,Technology,Diversified Commercial Services
TLS,Telos Corporation Common Stock,$28.02,-0.08,-0.285%,1869925600.00,United States,2020,497790,Technology,EDP Services
TNET,TriNet Group Inc. Common Stock,$82.98,1.08,1.319%,5464837260.00,,2014,423061,Technology,Diversified Commercial Services
TPIC,TPI Composites Inc. Common Stock,$39.14,0.87,2.273%,1436889089.00,United States,2016,428077,Technology,Industrial Machinery/Components
TRIT,Triterras Inc. Class A Ordinary Shares,$5.49,0.09,1.667%,456745321.00,Singapore,,130070,Technology,EDP Services
TRITW,Triterras Inc. Warrant,$0.98,0.00,0.00%,0.00,Singapore,,14494,Technology,EDP Services
TRKA,Troika Media Group Inc. Common Stock,$2.08,-0.07,-3.256%,80975962.00,United States,2021,3393304,Technology,Advertising
TRKAW,Troika Media Group Inc. Warrant,$0.4801,-0.0199,-3.98%,0.00,United States,2021,23713,Technology,Advertising
TRNS,Transcat Inc. Common Stock,$63.85,1.92,3.10%,476950369.00,United States,,13122,Technology,Industrial Machinery/Components
TRS,TriMas Corporation Common Stock,$32.72,-0.81,-2.416%,1412313646.00,United States,2007,124977,Technology,Industrial Machinery/Components
TRT,Trio-Tech International Common Stock,$4.86,0.05,1.04%,19017447.00,United States,,11524,Technology,Industrial Machinery/Components
TRTN,Triton International Limited Common Shares,$52.79,0.46,0.879%,3557706877.00,,2016,471068,Technology,Diversified Commercial Services
TRU,TransUnion Common Stock,$120.06,0.20,0.167%,22991490000.00,United States,2015,1123492,Technology,Advertising
TRUE,TrueCar Inc. Common Stock,$5.26,-0.21,-3.839%,519721096.00,United States,2014,1019269,Technology,EDP Services
TRVG,trivago N.V. American Depositary Shares,$2.94,-0.02,-0.676%,1049019089.00,Germany,2016,601019,Technology,EDP Services
TSEM,Tower Semiconductor Ltd. Ordinary Shares,$27.85,0.19,0.687%,3013905806.00,Israel,1994,219298,Technology,Semiconductors
TSM,Taiwan Semiconductor Manufacturing Company Ltd.,$116.64,0.49,0.422%,604895040000.00,Taiwan,1997,6481351,Technology,Semiconductors
TSQ,Townsquare Media Inc. Class A Common Stock,$12.29,0.19,1.57%,200648863.00,United States,2014,16378,Technology,Advertising
TSRI,TSR Inc. Common Stock,$9.30,-0.72,-7.186%,18247177.00,United States,,8608,Technology,EDP Services
TTD,The Trade Desk Inc. Class A Common Stock,$81.91,-2.19,-2.604%,38970536123.00,United States,2016,5068557,Technology,EDP Services
TTEC,TTEC Holdings Inc. Common Stock,$104.50,0.82,0.791%,4892975390.00,United States,1996,75136,Technology,Retail: Computer Software & Peripheral Equipment
TTMI,TTM Technologies Inc. Common Stock,$13.99,0.14,1.011%,1499580573.00,United States,2000,1196120,Technology,Electrical Products
TTWO,Take-Two Interactive Software Inc. Common Stock,$173.42,3.43,2.018%,20206596129.00,United States,1997,1940730,Technology,Computer Software: Prepackaged Software
TUFN,Tufin Software Technologies Ltd. Ordinary Shares,$10.07,-0.04,-0.396%,370281684.00,,2019,106674,Technology,EDP Services
TUYA,Tuya Inc. American Depositary Shares each representing one Class A Ordinary Share,$19.88,-0.62,-3.024%,11128030410.00,,2021,331432,Technology,Computer Software: Prepackaged Software
TWTR,Twitter Inc. Common Stock,$69.75,-0.62,-0.881%,55658168746.00,,2013,13214563,Technology,Computer Software: Prepackaged Software
TXN,Texas Instruments Incorporated Common Stock,$190.62,0.79,0.416%,175982284672.00,United States,,2521615,Technology,Semiconductors
TYL,Tyler Technologies Inc. Common Stock,$492.64,1.27,0.258%,20069514153.00,United States,,134008,Technology,Computer Software: Prepackaged Software
TZOO,Travelzoo Common Stock,$13.73,-0.66,-4.587%,157815078.00,United States,,297060,Technology,EDP Services
U,Unity Software Inc. Common Stock,$107.12,-4.13,-3.712%,29931185247.00,United States,2020,2116005,Technology,Retail: Computer Software & Peripheral Equipment
UBER,Uber Technologies Inc. Common Stock,$43.46,-1.23,-2.752%,81617017362.00,,2019,22168508,Technology,EDP Services
UCTT,Ultra Clean Holdings Inc. Common Stock,$54.01,0.86,1.618%,2393668920.00,United States,2004,469714,Technology,Semiconductors
UEPS,Net 1 UEPS Technologies Inc. Common Stock,$4.32,0.12,2.857%,244330068.00,South Africa,2005,110574,Technology,EDP Services
UI,Ubiquiti Inc. Common Stock,$313.10,-2.21,-0.701%,19667102851.00,United States,,32570,Technology,Radio And Television Broadcasting And Communications Equipment
UIS,Unisys Corporation New Common Stock,$22.35,-0.13,-0.578%,1497952875.00,United States,,360247,Technology,EDP Services
UMC,United Microelectronics Corporation (NEW) Common Stock,$10.53,0.34,3.337%,26160735138.00,Taiwan,,9658343,Technology,Semiconductors
UPLD,Upland Software Inc. Common Stock,$36.00,-0.57,-1.559%,1083607812.00,United States,2014,336930,Technology,EDP Services
UPWK,Upwork Inc. Common Stock,$51.79,-5.75,-9.993%,6533041730.00,United States,2018,7050958,Technology,EDP Services
URI,United Rentals Inc. Common Stock,$329.55,7.09,2.199%,23856170307.00,United States,1997,703828,Technology,Diversified Commercial Services
USIO,Usio Inc. Common Stock,$5.61,0.20,3.697%,140564345.00,United States,,56873,Technology,EDP Services
VECO,Veeco Instruments Inc. Common Stock,$23.20,0.59,2.609%,1164236529.00,United States,1994,244869,Technology,Semiconductors
VERB,Verb Technology Company Inc. Common Stock,$2.33,-0.06,-2.51%,147645324.00,United States,,2828189,Technology,EDP Services
VERBW,Verb Technology Company Inc. Warrant,$0.80,0.02,2.564%,0.00,United States,,22289,Technology,EDP Services
VERI,Veritone Inc. Common Stock,$20.68,-0.35,-1.664%,675895173.00,United States,2017,448392,Technology,EDP Services
VERX,Vertex Inc. Class A Common Stock,$18.90,-0.24,-1.254%,2789182110.00,United States,2020,108298,Technology,EDP Services
VIAO,VIA optronics AG American Depositary Shares each representing one-fifth of an Ordinary Share,$11.09,0.01,0.09%,251227370.00,,2020,1967,Technology,Semiconductors
VIAV,Viavi Solutions Inc. Common Stock,$16.69,0.08,0.482%,3815982790.00,United States,,1027958,Technology,Radio And Television Broadcasting And Communications Equipment
VIH,VPC Impact Acquisition Holdings Class A Ordinary Shares,$9.84,-0.03,-0.304%,255067580.00,United States,2020,331816,Technology,Computer Software: Prepackaged Software
VIHAW,VPC Impact Acquisition Holdings Warrant,$1.21,-0.035,-2.811%,0.00,United States,2020,67350,Technology,Computer Software: Prepackaged Software
VMEO,Vimeo Inc. Common Stock,$44.80,-1.38,-2.988%,7358469530.00,United States,,560979,Technology,Computer Software: Prepackaged Software
VMW,Vmware Inc. Common stock Class A,$153.74,-0.93,-0.601%,64406449326.00,United States,2007,675452,Technology,Computer Software: Prepackaged Software
VNET,21Vianet Group Inc. American Depositary Shares,$17.33,-0.02,-0.115%,2489971818.00,China,2011,1881281,Technology,EDP Services
VRNS,Varonis Systems Inc. Common Stock,$61.20,-0.96,-1.544%,6496512865.00,United States,2014,580545,Technology,Computer Software: Prepackaged Software
VRNT,Verint Systems Inc. Common Stock,$42.67,0.06,0.141%,2773508866.00,United States,2002,586938,Technology,EDP Services
VRSN,VeriSign Inc. Common Stock,$216.37,0.33,0.153%,24206271717.00,United States,1998,342090,Technology,EDP Services
VSAT,ViaSat Inc. Common Stock,$49.64,-1.75,-3.405%,3639895393.00,United States,1996,401167,Technology,Radio And Television Broadcasting And Communications Equipment
WB,Weibo Corporation American Depositary Share,$56.40,0.60,1.075%,12850618796.00,China,2014,703789,Technology,Internet and Information Services
WDAY,Workday Inc. Class A Common Stock,$234.40,-0.85,-0.361%,57896800000.00,United States,,921729,Technology,Computer Software: Prepackaged Software
WDC,Western Digital Corporation Common Stock,$64.93,0.47,0.729%,19897985888.00,United States,,2425895,Technology,Electronic Components
WEX,WEX Inc. common stock,$189.73,-4.88,-2.508%,8488760778.00,United States,,371765,Technology,EDP Services
WFCF,Where Food Comes From Inc. Common Stock,$14.34,-0.8124,-5.362%,87811162.00,United States,,829,Technology,Computer Software: Prepackaged Software
WIMI,WiMi Hologram Cloud Inc. American Depositary Share,$4.16,0.06,1.463%,388334328.00,China,2020,855979,Technology,Computer Software: Prepackaged Software
WISA,Summit Wireless Technologies Inc. Common Stock,$3.54,0.05,1.433%,45180301.00,United States,2018,471926,Technology,Electronic Components
WIT,Wipro Limited Common Stock,$8.33,-0.07,-0.833%,45480487250.00,India,,4279254,Technology,EDP Services
WK,Workiva Inc. Class A Common Stock,$129.77,-1.64,-1.248%,6487709052.00,United States,2014,282594,Technology,Computer Software: Prepackaged Software
WKEY,WISeKey International Holding AG American Depositary Shares,$6.84,0.00,0.00%,136466215.00,Switzerland,,91223,Technology,EDP Services
WSC,WillScot Mobile Mini Holdings Corp. Class A Common Stock,$28.71,0.19,0.666%,6621143667.00,United States,2015,1038588,Technology,Diversified Commercial Services
WSTG,Wayside Technology Group Inc. Common Stock,$28.35,0.2394,0.852%,124906585.00,United States,,4951,Technology,Retail: Computer Software & Peripheral Equipment
WTRH,Waitr Holdings Inc. Common Stock,$1.71,0.10,6.211%,197318191.00,United States,2016,6818570,Technology,Computer Software: Prepackaged Software
WYY,WidePoint Corporation Common Stock,$6.22,-0.15,-2.355%,56423809.00,United States,,32696,Technology,EDP Services
XELA,Exela Technologies Inc. Common Stock,$2.63,0.03,1.154%,155674992.00,United States,2015,13131656,Technology,Retail: Computer Software & Peripheral Equipment
XLNX,Xilinx Inc. Common Stock,$149.84,2.59,1.759%,36842170572.00,United States,1990,3066894,Technology,Semiconductors
XM,Qualtrics International Inc. Class A Common Stock,$41.73,2.21,5.592%,21457831987.00,United States,2021,1927765,Technology,Computer Software: Prepackaged Software
XNET,Xunlei Limited American Depositary Receipts,$3.64,0.00,0.00%,243626641.00,China,2014,352144,Technology,Computer Software: Prepackaged Software
XPER,Xperi Holding Corporation Common Stock,$20.77,-0.15,-0.717%,2178911557.00,United States,,419331,Technology,Semiconductors
XRX,Xerox Holdings Corporation Common Stock,$24.13,-0.15,-0.618%,4395906880.00,United States,,1759071,Technology,EDP Services
YALA,Yalla Group Limited American Depositary Shares each representing one Class A Ordinary Share,$13.06,0.09,0.694%,1879727498.00,United Arab Emirates,2020,815879,Technology,Computer Software: Programming Data Processing
YELP,Yelp Inc. Common Stock,$37.40,-1.60,-4.103%,2786220301.00,United States,2012,1145665,Technology,Internet and Information Services
YEXT,Yext Inc. Common Stock,$13.03,-0.34,-2.543%,1644953000.00,United States,2017,554990,Technology,EDP Services
YNDX,Yandex N.V. Class A Ordinary Shares,$67.93,-1.01,-1.465%,23780555351.00,Netherlands,2011,1087224,Technology,Internet and Information Services
YY,JOYY Inc. American Depositary Shares,$53.45,-1.03,-1.891%,4243779004.00,China,2012,749997,Technology,EDP Services
ZBRA,Zebra Technologies Corporation Class A Common Stock,$552.48,4.38,0.799%,29563898162.00,United States,1991,250098,Technology,Computer peripheral equipment
ZDGE,Zedge Inc. Class B Common Stock ,$15.36,-1.71,-10.018%,217905270.00,,2016,339969,Technology,Computer Software: Prepackaged Software
ZEN,Zendesk Inc. Common Stock,$130.53,-19.99,-13.281%,15487351737.00,,2014,7115681,Technology,EDP Services
ZEPP,Zepp Health Corporation American Depositary Shares,$11.14,0.12,1.089%,701302859.00,China,2018,115936,Technology,Computer Manufacturing
ZI,ZoomInfo Technologies Inc. Class A Common Stock,$53.75,-0.505,-0.931%,21035585595.00,United States,2020,1265336,Technology,Computer Software: Prepackaged Software
ZIP,ZipRecruiter Inc. Class A Common Stock,$26.08,0.06,0.231%,2727968000.00,,2021,737222,Technology,Diversified Commercial Services
ZIXI,Zix Corporation Common Stock,$7.41,-0.01,-0.135%,421813205.00,United States,,238474,Technology,Retail: Computer Software & Peripheral Equipment
ZNGA,Zynga Inc. Class A Common Stock,$10.10,-0.11,-1.077%,10996504331.00,United States,2011,18245066,Technology,EDP Services
ZS,Zscaler Inc. Common Stock,$235.91,-1.12,-0.473%,32316608124.00,United States,2018,954668,Technology,EDP Services
ZUO,Zuora Inc. Class A Common Stock,$17.29,-0.30,-1.706%,2114567000.00,,2018,595771,Technology,EDP Services
